Артикул;Код;Наименование;РодительскаяКатегория;Подкатегория;Цена;Остаток
;00-00000065;Подрезчик FS-450  2,10кВт, 44,3см3;---;Без категории;;-1
;00-00000097;Шкиф ремня;---;Без категории;;-2
;00-00000099;ПЛЭ Шток в сборе;---;Без категории;;
;00-00000109;Круг лепестковый с оправкой Р80;---;Без категории;;
;00-00000110;Круг лепестковый с оправкой Р120;---;Без категории;;
;00-00000112;Зубило пикообразное 600 мм;---;Без категории;;
;00-00000114;Зубило пикообразное 400 мм;---;Без категории;;
;00-00000122;Редуктор шуруповерта;---;Без категории;;
;00-00000128;Разветвитель 2-х канальный;---;Без категории;;
;00-00000129;Нож для рубанка 82ммх5,5мм;---;Без категории;;-4
;00-00000135;Магнето 26 см3;---;Без категории;;-1
;00-00000136;Кожух диска;---;Без категории;;-4
;00-00000152;Станок заточной Чемпион С2000;---;Без категории;;-2
;00-00000154;Маслонасос 240 Чемпион;---;Без категории;;-1
;00-00000176;Праймер Т335;---;Без категории;;
;00-00000183;Маслонасос 137/142 Чемпион;---;Без категории;;-3
;00-00000189;Пробка MS 181-441;---;Без категории;;1
;00-00000194;Поддон картера MS 170.180;---;Без категории;;
;00-00000195;Крышка сцепления;---;Без категории;;
;00-00000198;Клапан впускной GG6500,7501,11000;---;Без категории;;
;00-00000206;Праймер 137,142,250,55 Чемпион;---;Без категории;;1
;00-00000209;Ремонт мотопомпы;---;Без категории;;-5
;00-00000251;Плунжер маслонасоса 340,435,440,450;---;Без категории;;
;00-00000252;Пластина 340,350;---;Без категории;;
;00-00000253;Муфта Н345/350;---;Без категории;;-1
;00-00000257;Трос газа Нева;---;Без категории;;
;00-00000258;Рукоятка для триммера;---;Без категории;;-1
;00-00000260;Подшипник 607;---;Без категории;;-1
;00-00000262;Втулка ДД-02-73;---;Без категории;;
;00-00000263;Ремень МЗ-0,13;---;Без категории;;
;00-00000264;Шлифовальный круг МЗС-01;---;Без категории;;
;00-00000273;Мотокоса SRM22GES;---;Без категории;;-1
;00-00000285;Виброизолятор 136,137,141,142;---;Без категории;;
;00-00000292;Платформа к мотоблоку Чемпион С3052;---;Без категории;;
;00-00000293;Шкиф Нева 19 мм;---;Без категории;;
;00-00000294;Крепление троса газа с клапан GT-22GES;---;Без категории;;
;00-00000296;Подшипник коленвала 340,350;---;Без категории;;-4
;00-00000297;Цилиндр маслонасоса 345,450;---;Без категории;;
;00-00000299;Магнето ШТИЛЬ 180 (оригинал);---;Без категории;;-1
;00-00000301;Маслошланг маслобака MS 180;---;Без категории;;-1
;00-00000305;Сцепление для мотокос 33,43,52;---;Без категории;;-9
;00-00000306;Плата стабилизатора ТЕ1000;---;Без категории;;
;00-00000308;Корпус подшипника FS38/45;---;Без категории;;-1
;00-00000311;Вал ведущий HUSQVARNA 374Р4;---;Без категории;;
;00-00000320;Канат запускной;---;Без категории;;-46
;00-00000324;Адаптер ножа DDE посадка 22 мм;---;Без категории;;-4
;00-00000325;Адаптер вала DDE ЕТ800CD;---;Без категории;;
;00-00000326;Адаптер вала DDE ЕТ950CD;---;Без категории;;
;00-00000332;Гайка шины UNITED для STIHL;---;Без категории;;
648-137;00-00000348;Чехол шины DDE 18 (45см);---;Без категории;;
648-120;00-00000349;Чехол шины DDE 16 (40см);---;Без категории;;-1
;00-00000352;Кнопка фиксатор переключателя режимов MAKITA;---;Без категории;;
416287-8;00-00000353;Переключатель MAKITA;---;Без категории;;
;00-00000354;Кольцо MAKITA резиновое переключателя режимов;---;Без категории;;
;00-00000355;Штифт MAKITA HR 5001 мет переключателя режимов;---;Без категории;;
;00-00000356;Штифт MAKITA HR 4000 мет переключателя режимов;---;Без категории;;
;00-00000357;Диффузор DDE GP80;---;Без категории;;
776-294;00-00000358;Бита отверточная РН-2 50 мм;---;Без категории;;-65
776-355;00-00000359;Бита отверточная РН-2/РН-2 50 мм;---;Без категории;;-2
;00-00000362;Праймер FS 45/55/80;---;Без категории;;-7
V651-0000011;00-00000363;Шестерня натяж. цепи ведомая;---;Без категории;;
;00-00000365;Пробка DDE GP80 сливная/заливная;---;Без категории;;1
;00-00000366;Гайка штуцера DDE 40;---;Без категории;;2
;00-00000367;Штуцер DDE;---;Без категории;;2
;00-00000370;Диск пильный по дереву 170 х 48//30;---;Без категории;;-5
;00-00000372;Лобзик электрический MAKITA 4329;---;Без категории;;1
770-421;00-00000375;Электроды сварочные 2,5 мм;---;Без категории;;2
770-438;00-00000376;Электроды сварочные 3,2 мм;---;Без категории;;1
;00-00000377;Шнур стартера на катушке DDE;---;Без категории;;1
035-134;00-00000379;Головка торцевая 8 х 65 мм;---;Без категории;;4
035-141;00-00000380;Головка торцевая 10 х 65 мм;---;Без категории;;2
;00-00000381;Диск алмазный сегментный  230 х 22;---;Без категории;;-1
;00-00000382;Диск алмазный турбированный  125 х 22;---;Без категории;;
;00-00000387;Венец чашки сцепления Husqvarna 365;---;Без категории;;-3
;00-00000388;Гайка шины;---;Без категории;;-20
;00-00000392;Товар на сумму;---;Без категории;;-1572
;00-00000401;Запасные части;---;Без категории;;-29
;00-00000404;Ремонт установки алмазного бурения;---;Без категории;;
;00-00000415;Редуктор 26*7;---;Без категории;;-36
;00-00000421;ПРЭ Выключатель в сборе;---;Без категории;;
;00-00000426;Компенсатор рез. малый (ДД-04-09);---;Без категории;;-2
;00-00000427;ПЛЭ 1-02М Пилкодержатель;---;Без категории;;
;00-00000428;ПЛЭ 1-02М Шток в сборе;---;Без категории;;
;00-00000429;ПЛЭ 1-06 Шток в сборе с пилкодержателем;---;Без категории;;
;00-00000436;Трубка резиновая;---;Без категории;;5
;00-00000437;Компенсатор рез. средний (ДД-04-18);---;Без категории;;10
;00-00000443;Крышка сцепления HITACHI CG27EJ;---;Без категории;;1
;00-00000444;перфоратор Makita  HR 2470;---;Без категории;;-2
;00-00000446;Зубило острое Практика;---;Без категории;;
;00-00000447;Зубило плоское Практика;---;Без категории;;-1
;00-00000449;Фильтр воздушный GX-160;---;Без категории;;-2
;00-00000458;Пружина стартера;---;Без категории;;-8
;00-00000460;Ремень клиновой А-850;---;Без категории;;-1
;00-00000461;Дефектация компрессора;---;Без категории;;
;00-00000467;Заклепка цепи;---;Без категории;;
;00-00000468;Дефектация бензопилы Husqvarna 455;---;Без категории;;
;00-00000469;Стартер в сборе Husqvarna 365;---;Без категории;;-1
;00-00000470;Стартер Husqvarna 365;---;Без категории;;
;00-00000471;Чашка сцепления в сборе Husqvarna 365;---;Без категории;;-3
;00-00000476;Свеча зажигания;---;Без категории;;-6
;00-00000477;Фильтр воздушный GX-160;---;Без категории;;
;00-00000480;Фильтр воздушный B&S;---;Без категории;;-3
;00-00000481;Заточка ножа;---;Без категории;;-50
;00-00000482;Смазка редуктора;---;Без категории;;-56
;00-00000485;УШМ Диолд 1,3-150;---;Без категории;;
;00-00000488;Звездочка ведущая Н-345;---;Без категории;;
;00-00000490;Ремонт бензопилы Н-365;---;Без категории;;
;00-00000491;Стартер GX 390;---;Без категории;;-9
;00-00000493;Щетки угольные;---;Без категории;;-10
;00-00000494;Дефектация инструмента;---;Без категории;;-27
;00-00000495;"Шина 16"" 3/8 1,3 56";---;Без категории;;-19
;00-00000496;Товар на сумму;---;Без категории;;
;00-00000500;Ремонт карбюратора б/п STIHL;---;Без категории;;
;00-00000503;Ремонт бензопилы STIHL MS-250;---;Без категории;;
;00-00000504;Ремонт генератора CHAMPION;---;Без категории;;
;00-00000506;Фильтр воздушный SUBARU;---;Без категории;;-3
;00-00000508;Дефектация и обслуживание генератора;---;Без категории;;
;00-00000509;Ремонт генератора Вепрь;---;Без категории;;
;00-00000510;Чашка сцепления;---;Без категории;;-50
;00-00000511;Ремонт виброплиты;---;Без категории;;
;00-00000512;Набор головок (звездочки) 10шт. н-р;---;Без категории;;-1
;00-00000513;Стартер ручной GX-390;---;Без категории;;-1
;00-00000514;Щетки угольные для перфоратора;---;Без категории;;-1
;00-00000515;Стартер ручной для HONDA GX-390;---;Без категории;;
;00-00000517;Прокладка головки цилиндра;---;Без категории;;-2
;00-00000518;Шнур пусковой;---;Без категории;;-69.5
;00-00000519;Старер в сборе ручной;---;Без категории;;-15
;00-00000521;Ремонт перфоратора BOSCH;---;Без категории;;
;00-00000522;Снегоуборщик Чемпион;---;Без категории;;
;00-00000524;Уровень лазерный Диолд;---;Без категории;;
;00-00000525;Бур 8*160;---;Без категории;;-6
;00-00000526;"Патрон быстрозажимной ПРАКТИКА 13 мм, 1/2""-20UNF";---;Без категории;;-4
;00-00000527;"Переходник SDS PLUS с резьбой 1/2""-20  UNF";---;Без категории;;
;00-00000528;Ручка дуга для бензопилы Husqvarna;---;Без категории;;
;00-00000537;Пистолет продувочный;---;Без категории;;
;00-00000538;Шуруповерт Диолд 18 Вт;---;Без категории;;-17
;00-00000540;Шнек для снегоуборщик   HONDA HSS 970;---;Без категории;;
;00-00000541;Торос приводов шнека для снегоуборщик   HONDA HSS 970;---;Без категории;;
;00-00000542;Шприцмасленка Oregon;---;Без категории;;-1
;00-00000544;Защита ног Oregon;---;Без категории;;-1
;00-00000551;Диск пильный Практика 190*30/20/16;---;Без категории;;-1
;00-00000554;Сектор зубчатый;---;Без категории;;-3
;00-00000555;Вал рулевого колеса;---;Без категории;;-2
;00-00000557;Щетки угольные;---;Без категории;;-2
;00-00000558;Фильтр воздушный TS-420;---;Без категории;;-33
;00-00000564;Ремонт бензопилы Makita 4610;---;Без категории;;
;00-00000566;"Шина 15"" 325 1,3 64 REZER";---;Без категории;;-2
;00-00000568;Запасные части для бензопил;---;Без категории;;
;00-00000573;Собачка стартера;---;Без категории;;-8
;00-00000574;Свеча зажигания;---;Без категории;;-4
;00-00000576;Шуруповерт Mekkan 14.4 В;---;Без категории;;
;00-00000577;Диск кустореза OREGON 200*20;---;Без категории;;-6
;00-00000579;Поршневая группа Partner 350;---;Без категории;;-5
;00-00000581;Трос газа STIHL FS-450;---;Без категории;;-2
;00-00000582;Прокладка карбюратора FS-450;---;Без категории;;-5
;00-00000583;Прокладка глушителя FS-450;---;Без категории;;-3
;00-00000584;Собачка стартера FS-450;---;Без категории;;-3
;00-00000586;Магнето 33см3;---;Без категории;;-4
;00-00000594;Ножи для рубанка 82 мм.;---;Без категории;;-11
;00-00000595;Шуруповерт сетевой ЭШ-0,56-2;---;Без категории;;
;00-00000596;УШМ ДИОЛД 0,95-125;---;Без категории;;
;00-00000597;Травокосилка Husqvarna R143-II;---;Без категории;;-1
;00-00000601;Гайка прижимная;---;Без категории;;
;00-00000603;Смазка цепи;---;Без категории;;
;00-00000604;Двигатель 170F 7л.с.;---;Без категории;;-1
;00-00000605;Плата переходная;---;Без категории;;
;00-00000606;Шкив 19 мм;---;Без категории;;
;00-00000607;Венец;---;Без категории;;-15
;00-00000609;Головка цилиндра;---;Без категории;;
;00-00000610;Фильтр воздушный;---;Без категории;;-118
;00-00000611;Свеча зажигания;---;Без категории;;-2
;00-00000615;Ремонт электротриммера;---;Без категории;;
;00-00000620;Вал выходной;---;Без категории;;-7
;00-00000621;Катушка триммера;---;Без категории;;-4
;00-00000622;Шланг топ.;---;Без категории;;-9
;00-00000623;Ключ для УШМ;---;Без категории;;-4
;00-00000625;Пила дисковая ДП 1,5 -190;---;Без категории;;-1
;00-00000628;Мерная емкость;---;Без категории;;-17
;00-00000629;Корпус фоздушного фильтра (в сборе);---;Без категории;;-16
;00-00000630;Колпак праймера;---;Без категории;;-2
;00-00000633;Триммер CHAMPION Т523;---;Без категории;;-2
;00-00000634;Маска защитная;---;Без категории;;-4
;00-00000637;Пилки по дереву;---;Без категории;;-5
;00-00000639;УШМ ДИОЛД 0,95-1;---;Без категории;;-13
;00-00000640;Диск отрезной 125 мм;---;Без категории;;-1249
;00-00000641;Шуруповерт Диолд 18 Вт.;---;Без категории;;-3
;00-00000642;Предоплата двигатель Champion;---;Без категории;;-1
;00-00000646;Фильтр воздушный;---;Без категории;;-24
;00-00000647;Шуруповерт Диолд 14,4;---;Без категории;;-5
;00-00000649;Диск твердосплавный;---;Без категории;;-25
;00-00000651;Доплата двиг. Campion;---;Без категории;;-1
;00-00000654;Ремонт электродрели;---;Без категории;;
;00-00000655;Ремень наплечный;---;Без категории;;-16
;00-00000662;ДП 2,1- 210;---;Без категории;;-1
;00-00000663;Стамеска;---;Без категории;;-2
;00-00000667;Набор фрез 12*8Т;---;Без категории;;-3
;00-00000675;Хомуты пластиковые 2,5*200;---;Без категории;;-1
;00-00000676;Ремонт электроинструмента;---;Без категории;;-38
;00-00000677;Набор прокладок;---;Без категории;;-18
;00-00000679;Перчатки;---;Без категории;;-292
;00-00000680;Электродвигатель 18Вт;---;Без категории;;-4
;00-00000684;Редуктор 28*9;---;Без категории;;-7
;00-00000685;Гроверовальный нобор;---;Без категории;;
;00-00000689;Вал FS-38;---;Без категории;;-1
;00-00000692;Рулетка 3м.;---;Без категории;;-7
;00-00000695;Дефектация мотокосы CHAMP-T-336;---;Без категории;;-1
;00-00000701;Подшипник 6000;---;Без категории;;-5
;00-00000702;Сальник к.в.;---;Без категории;;-28
;00-00000705;Набор к компрессору ИП-2;---;Без категории;;-1
;00-00000706;Упорный буфер;---;Без категории;;-1
;00-00000708;Листы шлифовальные Р 60;---;Без категории;;-1
;00-00000709;Листы шлифовальные Р 100;---;Без категории;;-4
;00-00000710;Листы шлифовальные Р 150;---;Без категории;;-3
;00-00000711;Сверло 1,5 мм.;---;Без категории;;-2
;00-00000716;Электродвигатель для шуруповерта;---;Без категории;;-3
;00-00000718;Набор бит НСН-6;---;Без категории;;-1
;00-00000719;Опорная тарелка ОТ-125т;---;Без категории;;-6
;00-00000724;Ручка УШМ;---;Без категории;;-1
;00-00000725;Разгрузка бензокосы;---;Без категории;;-7
;00-00000727;Ключ для планшайб;---;Без категории;;-3
;00-00000734;Патрон для перфоратора;---;Без категории;;-2
;00-00000735;Фарсунка для UD-186/UD-178;---;Без категории;;-1
;00-00000736;Дефектация мотокосы Husqvarna 128R;---;Без категории;;
;00-00000739;Дефектация мотокосы Husqvarna 128R;---;Без категории;;
;00-00000741;Шуруповерт Диолд 12Вт;---;Без категории;;-2
;00-00000744;Перфоратор Mekkan 620 Вт.;---;Без категории;;-1
;00-00000745;Диск алмазный  Ф150*22;---;Без категории;;-8
;00-00000748;Рулетка 7.5 м.;---;Без категории;;-10
;00-00000749;Шприц масленка;---;Без категории;;-14
;00-00000751;Бур ручной 150мм.;---;Без категории;;-2
;00-00000752;Магнето FS-55;---;Без категории;;-1
;00-00000753;Шуруповерт Диолд 14,4;---;Без категории;;-1
;00-00000754;Подвес разгрузка Диолд;---;Без категории;;-2
;00-00000756;Магнето FS-38;---;Без категории;;-5
;00-00000757;Перфоратор HITACHI DH24PH;---;Без категории;;-1
;00-00000758;ЦПГ 52 см3;---;Без категории;;-20
;00-00000759;ЦПГ 43см3;---;Без категории;;-6
;00-00000760;Щетки генератора;---;Без категории;;-2
;00-00000761;Храповик;---;Без категории;;
;00-00000762;Храповик стартера;---;Без категории;;-9
;00-00000766;Барабан звездочка МS 180;---;Без категории;;-2
;00-00000767;Маслонасос UC3530;---;Без категории;;-1
;00-00000769;Ремонт электропилы;---;Без категории;;
;00-00000770;Круг лепестковый;---;Без категории;;-15
;00-00000772;"Шина Stihl 16"" 325 1,6 62";---;Без категории;;-1
;00-00000774;Сверло елка;---;Без категории;;-6
;00-00000776;Сверло 10мм;---;Без категории;;-7
;00-00000783;Теплоэзолятор;---;Без категории;;-5
;00-00000787;Пробка бензобака;---;Без категории;;-33
;00-00000790;Техническое обслуживание бензопилы Husqvarna 240;---;Без категории;;
;00-00000791;Техническое обслуживание бензокосы Echo;---;Без категории;;
;00-00000792;Техническое обслуживание бензокосы Stihl FS 450;---;Без категории;;
;00-00000793;Техническое обслуживание бензопилы Husqvarna 240;---;Без категории;;
;00-00000794;Техническое обслуживание бензокосы Echo SRM 350 ES;---;Без категории;;
;00-00000795;Дефектация УШМ Hitachi;---;Без категории;;
;00-00000800;Набор сверл по металу;---;Без категории;;-9
;00-00000802;Шина 158PXBK 095;---;Без категории;;-2
;00-00000803;Шина 150MLBK041;---;Без категории;;-17
;00-00000809;Хвостовик;---;Без категории;;-6
;00-00000810;Кольцо поршневое H-450;---;Без категории;;-1
;00-00000811;Прокладка цилиндра ECHO 22;---;Без категории;;-10
;00-00000812;ГСМ;---;Без категории;;-1
;00-00000814;Ремонт дрели  Makita;---;Без категории;;
;00-00000817;УШМ Дифмаш 020;---;Без категории;;-5
;00-00000820;Диск алмазный Ф230;---;Без категории;;-8
;00-00000821;Сверло 8мм;---;Без категории;;-6
;00-00000823;Щиток сетка;---;Без категории;;-4
;00-00000825;Ремонт воздуходувки S;---;Без категории;;
;00-00000830;Щеточный узел;---;Без категории;;-5
;00-00000834;Шуруповерт Диолд 12 Вт.;---;Без категории;;-5
;00-00000837;Шлифовальная платформа НМЭВ-909;---;Без категории;;-3
;00-00000838;Мегнето GX 390;---;Без категории;;-1
;00-00000840;Шлиф машинка Makita BO 3710;---;Без категории;;-1
;00-00000841;Пилки для лобзика;---;Без категории;;-14
;00-00000843;Щетка зачистная;---;Без категории;;-12
;00-00000844;Патрон для дрели;---;Без категории;;-6
;00-00000848;Электроды сварочные 2,0 мм;---;Без категории;;-4
;00-00000849;Двигатель Lifan Diesel 188FD D25;---;Без категории;;-2
;00-00000850;Пила сабельная Makita JR 3060 T;---;Без категории;;-1
;00-00000852;Набор отверток Sparta;---;Без категории;;-1
;00-00000853;Маска сварочная ПАРМА 777;---;Без категории;;-3
;00-00000854;Перчатки спилковые;---;Без категории;;-3
;00-00000855;Перчатки;---;Без категории;;-23
;00-00000856;Шпонка;---;Без категории;;-8
;00-00000857;Триммерная головка Autocut 46-2;---;Без категории;;
;00-00000861;Смазка редуктора 80гр.Stihl;---;Без категории;;
;00-00000862;Барабан зв. 325-7;---;Без категории;;-2
;00-00000865;Набор сверл;---;Без категории;;-3
;00-00000866;Ножовка по дереву;---;Без категории;;-3
;00-00000867;Генератор Чемпион GG 7501 Е;---;Без категории;;-2
;00-00000868;Заклепка цепей;---;Без категории;;-70
;00-00000869;Мотор шуруповерта;---;Без категории;;-8
;00-00000877;Ремонт триммера FS-38;---;Без категории;;
;00-00000880;Пила дисковая Диолд ДП-2,0-200;---;Без категории;;-1
;00-00000883;Цилиндр;---;Без категории;;-1
;00-00000884;Бур 10мм;---;Без категории;;-2
;00-00000887;Свеча зажигания;---;Без категории;;
;00-00000889;Фильтр воздушный FS-55;---;Без категории;;
;00-00000890;Ремонт бензореза;---;Без категории;;
;00-00000891;Смазка бура;---;Без категории;;-3
;00-00000892;Желетка;---;Без категории;;-1
;00-00000897;Поршневая группа STIHL FS-450;---;Без категории;;-2
;00-00000898;Фен технический ВГВ-2000 А (9 предметов);---;Без категории;;-2
;00-00000900;Заклепка цепи;---;Без категории;;-26
;00-00000903;Перчатки ЗИМА (латекс);---;Без категории;;-13
;00-00000904;Клин;---;Без категории;;-1
;00-00000905;Стартер для б/п Хускварна 562ХР;---;Без категории;;-1
;00-00000908;Техническое обслуживание бензокосы Echo SRM 330 ES;---;Без категории;;
;00-00000910;Сверло по стеклу и кафелю;---;Без категории;;-1
;00-00000915;Триммерная головка Диолд;---;Без категории;;-3
;00-00000917;Шуруповерт Диолд 18Вт ДЭА 18ЛИ-04;---;Без категории;;-5
;00-00000920;Станок заточной Чемпион С2000;---;Без категории;;-1
;00-00000922;Рулетка  10м;---;Без категории;;-7
;00-00000925;Крышка цепи;---;Без категории;;-1
;00-00000928;Трос сцепления снегоуборщик Honda;---;Без категории;;-1
;00-00000930;Кольца поршневые;---;Без категории;;-16
;00-00000931;Электро лобзик Диолд ПЛЭ-1-10;---;Без категории;;-1
;00-00000932;Заточка ножей;---;Без категории;;
;00-00000933;Диск лепестковый;---;Без категории;;-2
;00-00000935;Ремонт бензопилы STIHL MS-250;---;Без категории;;
;00-00000936;Ремонт бензопилы STIHL MS-250;---;Без категории;;
;00-00000941;Дефектация мотоблока Салют;---;Без категории;;
;00-00000942;Дефектация бетоносмесителя;---;Без категории;;
;00-00000943;Удленнитель магнитный;---;Без категории;;-1
;00-00000944;Техническое обслуживание бензогенератора GEKO;---;Без категории;;
;00-00000945;Техническое обслуживание бензогенератора GEKO;---;Без категории;;
;00-00000946;Крышка сцепления Н-136/142;---;Без категории;;-1
;00-00000947;Кольцо поршневое к-т для GX-160;---;Без категории;;-10
;00-00000950;Емкость мерная;---;Без категории;;-3
;00-00000952;Редуктор О-М;---;Без категории;;-1
;00-00000956;Перчатки полеуретан;---;Без категории;;-62
;00-00000957;Хомуты;---;Без категории;;-3
;00-00000958;Опрыскиватель СНАМРION SA-16;---;Без категории;;-2
;00-00000959;Ремонт дрели Bosch;---;Без категории;;
;00-00000962;Ключ разводной;---;Без категории;;-2
;00-00000963;Изолента;---;Без категории;;-30
;00-00000964;Шуруповерт сетевой ЭШ-06;---;Без категории;;-1
;00-00000965;Ремонт эл.дрели Вихрь;---;Без категории;;-1
;00-00000967;Бур 6*160;---;Без категории;;-4
;00-00000968;Шуруповер Дифмаш 14Вт;---;Без категории;;-3
;00-00000970;Дефектация Эл.дрели Интерскол Д-16/1050Р2;---;Без категории;;
;00-00000971;Дефектация Эл.дрели ударной Интерскол ДУ-13/780 ЭР;---;Без категории;;
;00-00000972;Дефектация дрели-шуруповерта аккумуляторного ЗУБР ДА-14,2-2ЛИ;---;Без категории;;
;00-00000973;Дефектация машины углошлифовальной ЗУБР УШМ-П125-1200ЭПСТ;---;Без категории;;
;00-00000974;Дефектация насоса дренажного INOXVORT 400SW;---;Без категории;;
;00-00000975;Дефектация насоса дренажного Omega25;---;Без категории;;
;00-00000976;Дефектация насоса К80-50-200 с дв.15кВт;---;Без категории;;
;00-00000977;Дефектация насоса погружного (грязевой);---;Без категории;;
;00-00000978;Дефектация насоса погружного;---;Без категории;;
;00-00000979;Дефектация насоса погружного ДН-1100;---;Без категории;;
;00-00000980;Дефектация радиостанции Midland G70XT;---;Без категории;;
;00-00000981;Дефектация сварочного аппарата AVRORA STICKWATE250/2 IGBT10029 1;---;Без категории;;
;00-00000982;Дефектация инверторного сварочного аппарата ELITECH АИС 200Д;---;Без категории;;
;00-00000983;Дефектация УШМ BOSCH GWS 1400 125мм;---;Без категории;;
;00-00000984;УШМ BOSCH GWS 1400 125мм;---;Без категории;;
;00-00000985;Дефектация сварочного инвертора ARC 200;---;Без категории;;
;00-00000986;Дефектация УШМ Makita 9069 2000 Вт.;---;Без категории;;
;00-00000987;Дефектация УШМ GA Makita 9020 SFK;---;Без категории;;
;00-00000988;Дефектация УШМ Makita 9558 HN;---;Без категории;;
;00-00000989;Дефектация мотопомпы Loncin;---;Без категории;;
;00-00000991;Мойка высокого давления Диолд ВДМ-5;---;Без категории;;-1
;00-00000992;"Насос вибрационный ""Ручеек-1М"", 15м (нижний забор воды; алюминиевая обмотка двигателя";---;Без категории;;-15
;00-00000993;Ремонт эл.краскопульта;---;Без категории;;
;00-00000996;Ремонт газонокосилки DDE;---;Без категории;;
;00-00000998;Ножовка по металлу;---;Без категории;;-1
;00-00000999;Н-р прокладок Н-128R;---;Без категории;;-1
;00-00001001;Дефектация инструмента и навесного оборудования;---;Без категории;;
;00-00001002;Магнето СН-250;---;Без категории;;-1
;00-00001003;Пробка м/бака STIHL 250;---;Без категории;;-1
;00-00001004;Ремонт стартера эл.генератора;---;Без категории;;
;00-00001006;Двигатель G200-1HK;---;Без категории;;-2
;00-00001007;Шуруповерт Дифмаш ША-18;---;Без категории;;-6
;00-00001009;Шуруповерт Дифмаш ША 18;---;Без категории;;-2
;00-00001010;Ножницы по металлу МАТРИКС;---;Без категории;;-2
;00-00001011;Заклепки;---;Без категории;;-4
;00-00001012;Ремень зубчатый;---;Без категории;;-4
;00-00001014;Гайка головки;---;Без категории;;-5
;00-00001018;Вал гибкий FS 38;---;Без категории;;-8
;00-00001019;Ручка газа в сборе;---;Без категории;;-24
;00-00001020;Ремон стартера;---;Без категории;;-4
;00-00001021;Мелок;---;Без категории;;-1
;00-00001022;AVR 5 кВт 2 штекера;---;Без категории;;-3
;00-00001023;Техническое обслуживание газонокосилки;---;Без категории;;
;00-00001028;Свеча 4-х тактная;---;Без категории;;-88
;00-00001029;Диск для дерева;---;Без категории;;-34
;00-00001032;Рубанок РЭ-1100-01;---;Без категории;;-1
;00-00001034;Рычаг воздушной заслонки;---;Без категории;;-1
;00-00001036;Поршневая группа OL-MAC 44;---;Без категории;;-2
;00-00001037;Чашка сцепления MS-180;---;Без категории;;-10
;00-00001041;Лента шлифавальная;---;Без категории;;-31
;00-00001042;Головка торцевая;---;Без категории;;-3
;00-00001044;Набор к компрессору ИП-1;---;Без категории;;-1
;00-00001046;Подвес;---;Без категории;;-4
;00-00001049;Диск отрезной 150*22,2*1,6;---;Без категории;;-15
;00-00001050;Стартер для мотокосы;---;Без категории;;-25
;00-00001052;Ремкомплект карб.;---;Без категории;;-7
;00-00001053;Нож 3-х лопастной;---;Без категории;;-7
;00-00001054;Бензобак с карбюратором B&S;---;Без категории;;-1
;00-00001055;Маслонасос Р 350;---;Без категории;;-4
;00-00001056;Шуруповерт Дифмаш 14 Вт;---;Без категории;;-1
;00-00001059;Мембрана карбюратора;---;Без категории;;-1
;00-00001061;Диск отрезной 230мм;---;Без категории;;-15
;00-00001064;Подошва лобзика;---;Без категории;;-1
;00-00001067;Фильтр воздушный GX-270;---;Без категории;;-2
;00-00001070;Шатун двигателя B&S;---;Без категории;;-2
;00-00001071;Диск для травы;---;Без категории;;-1
;00-00001072;Канат пусковой;---;Без категории;;-14
;00-00001080;Ремонт бензоотбойника;---;Без категории;;
;00-00001082;Диск пильный по дереву 200*32/30;---;Без категории;;-2
;00-00001084;Диск пильный по дереву 165*30/20;---;Без категории;;-1
;00-00001086;ПЛЭ 1-10 М;---;Без категории;;-5
;00-00001088;Электро коса ЕТ1200А;---;Без категории;;-1
;00-00001090;Ключ для болгарки 30мм;---;Без категории;;-3
;00-00001091;Камера для тачки 4,00-6;---;Без категории;;-4
;00-00001092;Штанга с валом 26-9;---;Без категории;;-1
;00-00001093;Крышка бензобака;---;Без категории;;-5
;00-00001094;Клапан карбюратора;---;Без категории;;-6
;00-00001099;Магнето;---;Без категории;;-28
;00-00001102;ЦПГ 33см;---;Без категории;;-20
;00-00001103;Ремень бензореза TS 800;---;Без категории;;-1
;00-00001104;Кожух ремня TS800;---;Без категории;;-1
;00-00001106;Звезда натяжения цепи STIHL 180;---;Без категории;;-1
;00-00001107;Ремон шуруповерта Bosch;---;Без категории;;
;00-00001108;Дефектация шуруповерта Metabo;---;Без категории;;
;00-00001109;Диск отрезной 180 Практика;---;Без категории;;-20
;00-00001111;Шуруповерт Диолд ЭШ-0,6;---;Без категории;;-1
;00-00001113;Переходник для бит;---;Без категории;;-1
;00-00001116;Стартер в сборе ручной;---;Без категории;;-110
;00-00001117;Редуктор FS-55;---;Без категории;;-16
;00-00001119;Щетка для УШМ чашечная d-75мм ЩЧ-75 П;---;Без категории;;-3
;00-00001120;Трим.головка  STIHL AutoCut 40-2;---;Без категории;;
;00-00001121;Трим.головка STIHL Autocut   46-2;---;Без категории;;
;00-00001122;Прокладка теплизолятора;---;Без категории;;-2
;00-00001123;Прокладка карбюратора;---;Без категории;;-7
;00-00001124;Заточной набор 4.8 мм.;---;Без категории;;-1
;00-00001128;"Шина 20"" 3/8 РМ 72";---;Без категории;;-1
;00-00001132;Дефектация бензопилы;---;Без категории;;
;00-00001133;Чашка прижимная STIHL FS-70;---;Без категории;;-1
;00-00001134;Гайка STIHL FS-70;---;Без категории;;-1
;00-00001135;Шайба прижимная STIHL FS-70;---;Без категории;;-1
;00-00001136;Шайба шлицевая STIHL FS-70;---;Без категории;;-1
;00-00001137;Диск пильный 190*30*40 Практика;---;Без категории;;-1
;00-00001141;диск Луга 125;---;Без категории;;-5
;00-00001142;Ключ свечной;---;Без категории;;-4
;00-00001144;Подшипник тачки;---;Без категории;;-4
;00-00001145;Приспособление для заточки сверл ПЗС-01;---;Без категории;;-1
;00-00001146;Шпиндель для ДП 2,0-200;---;Без категории;;-1
;00-00001148;Колпак свечной;---;Без категории;;-2
;00-00001149;Диск КЛТ 40;---;Без категории;;-23
;00-00001150;Маска фильтрующая;---;Без категории;;-1
;00-00001151;Реле Стартера;---;Без категории;;-1
;00-00001155;Электроды 3,2;---;Без категории;;-3
;00-00001156;Электроды 4,0;---;Без категории;;-1
;00-00001157;Маска сварочная МСА-2;---;Без категории;;-1
;00-00001158;Вал D9*9;---;Без категории;;-2
;00-00001159;ЦПГ MS 180;---;Без категории;;-5
;00-00001160;Стартер воздуходувки;---;Без категории;;-3
;00-00001161;Прокладки набор 33см3;---;Без категории;;-12
;00-00001162;Магнето 43/*52 см3;---;Без категории;;-8
;00-00001164;Сварочные клемы;---;Без категории;;-2
;00-00001165;Фильтр воздушный Н -240;---;Без категории;;-2
;00-00001167;Двигатель G201 HK;---;Без категории;;-1
;00-00001174;Чашка сцепления Штиль 180/250;---;Без категории;;-1
;00-00001180;Техническое обслуживание кустореза   FS450;---;Без категории;;
;00-00001181;Перфоратор Makita HR 2450;---;Без категории;;-1
;00-00001182;Нож газонокосилки Husqvarna;---;Без категории;;-1
;00-00001184;Ремонт генератора;---;Без категории;;
;00-00001186;Дефектация вибратора TOP ZN-70-1500;---;Без категории;;
;00-00001188;Дефектация Эл.дрели ударной Интерскол ДУ-13/550М;---;Без категории;;
;00-00001189;Дефектация Эл.дрели ударной Интерскол ДУ-550ЭР;---;Без категории;;
;00-00001192;Дефектация Эл.дрели Зубр ЗДУ-780 ЭРКМ2;---;Без категории;;
;00-00001193;Дефектация дрели-шуруповерта Зубр ДА-14,4 ЛИ КНМ2;---;Без категории;;
;00-00001194;Дефектация инверторного сварочного аппарата ARC 250;---;Без категории;;
;00-00001196;Дефектация инверторного сварочного аппарата ARC 200;---;Без категории;;
;00-00001197;Дефектация инверторного сварочного аппарата ARC 160;---;Без категории;;
;00-00001199;Дефектация инверторного сварочного аппарата ARC 180;---;Без категории;;
;00-00001200;Ремкомплект стартера;---;Без категории;;-3
;00-00001201;Машина для резки труб Орбита-Р;---;Без категории;;
;00-00001202;Дефектация машины для резки труб Орбита-Р;---;Без категории;;
;00-00001203;Дефектация МВД Champion HP6170;---;Без категории;;
;00-00001204;Дефектация грязевой мотопомпы Fubag PHT 1000ST;---;Без категории;;
;00-00001205;Дефектация грязевой мотопомпы Robin PTG 307ST;---;Без категории;;
;00-00001210;Дефектация термофена Redverg HG-2000;---;Без категории;;
;00-00001211;Дефектация УШМ Makita 9069SF;---;Без категории;;
;00-00001214;Шестерня заднего хода для культиватора;---;Без категории;;-1
;00-00001215;Камера для тачки 4,00-8;---;Без категории;;-4
;00-00001216;Покрышка тачки 4,00-8;---;Без категории;;-1
;00-00001217;Ведущая звездочка;---;Без категории;;-2
;00-00001220;Дефектация Bosch GBH-26DFR;---;Без категории;;
;00-00001221;Ремонт электродвигателя;---;Без категории;;
;00-00001223;Ремонт шуруповерта;---;Без категории;;-23
;00-00001224;Ремонт шуруповерта;---;Без категории;;
;00-00001231;Щетка графитовая MAKITA CB-325 9555/9558/HR2470;---;Без категории;;-1
;00-00001234;Дефектация деревообрабатыващего станка;---;Без категории;;
;00-00001235;Автомат защиты;---;Без категории;;-1
;00-00001237;Сверло D 16;---;Без категории;;
;00-00001238;Дефектация микроволновой печи;---;Без категории;;
;00-00001240;Пассатижи;---;Без категории;;-4
;00-00001241;Заточной набор 4.0мм.;---;Без категории;;-4
;00-00001244;Дефектация бензопилы Stihl MS361;---;Без категории;;
;00-00001245;Дефектация бензопилы Stihl MS180 №295233014;---;Без категории;;
;00-00001246;Дефектация бензопилы Stihl MS180 №295233006;---;Без категории;;
;00-00001247;Дефектация бензопилы Stihl MS361 №175391257;---;Без категории;;
;00-00001248;Дефектация бензопилы Stihl MS361 №175391243;---;Без категории;;
;00-00001249;Дефектация бензопилы Stihl MS361 №175391243;---;Без категории;;
;00-00001252;Заточка цепи;---;Без категории;;
;00-00001253;Редуктор;---;Без категории;;-6
;00-00001254;шуруповерт Диолд ДЭА 18ЛИ-04;---;Без категории;;-1
;00-00001255;Крышка тормоза;---;Без категории;;-2
;00-00001257;ПЗС -01;---;Без категории;;-1
;00-00001258;Катушка стартера;---;Без категории;;-1
;00-00001259;Шина;---;Без категории;;-12
;00-00001260;Пика;---;Без категории;;-1
;00-00001261;Сабачка стартера;---;Без категории;;-7
;00-00001262;Щеточный узел;---;Без категории;;-1
;00-00001263;Блок АВР;---;Без категории;;-3
;00-00001265;Техническое обслуживание бензопилы MS-180 №295233001;---;Без категории;;
;00-00001266;"Шина 15"" 325 1,3 64";---;Без категории;;-20
;00-00001267;Триммерная головка STIHL AutoCut С 26-2;---;Без категории;;
;00-00001269;Смазка редуктора Stihl 80;---;Без категории;;
;00-00001271;Подшипник иголчатый редуктора УШМ;---;Без категории;;-2
;00-00001272;Генератор бензиновый Чемпион GG 7501E;---;Без категории;;-1
;00-00001273;Держатель массы;---;Без категории;;-1
;00-00001274;Триммер ECHO 22 GES;---;Без категории;;-3
;00-00001277;Шпилька шины;---;Без категории;;-18
;00-00001278;Ремонт эл.дрели Интерскол;---;Без категории;;
;00-00001279;Дефектация инструмента;---;Без категории;;
;00-00001281;Листы шлифовальные Диолд;---;Без категории;;-22
;00-00001282;Подшипник для садовой тачки;---;Без категории;;-28
;00-00001284;Диск отрезной по бетону 22,2*230;---;Без категории;;-2
;00-00001285;Подошва МЭВ;---;Без категории;;-4
;00-00001286;Щлиф. листы МЭВ;---;Без категории;;-2
;00-00001287;Ножи для фуганка;---;Без категории;;-3
;00-00001289;Дефектация газового нагревателя;---;Без категории;;
;00-00001291;Перчатки с ПВХ-силикон;---;Без категории;;-2
;00-00001294;Чашка сцепления МС-180;---;Без категории;;-4
;00-00001297;Дефектация высотореза Champion;---;Без категории;;
;00-00001299;ЦПГ 26 см3;---;Без категории;;-3
;00-00001300;Диск алмазный;---;Без категории;;-22
;00-00001302;Полотно ножовочное;---;Без категории;;-6
;00-00001305;Сетевой Шуруповерт Дифмаш;---;Без категории;;-1
;00-00001308;Шуруповерт Вихрь;---;Без категории;;-1
;00-00001309;Отбойный молоток МЭО-1;---;Без категории;;-2
;00-00001318;Диск Практика 190/16/20/32-24;---;Без категории;;-1
;00-00001320;Уплотнение коленвала Штиль 180;---;Без категории;;-2
;00-00001321;Шайбы набор;---;Без категории;;-18
;00-00001325;Бур 6 мм;---;Без категории;;-2
;00-00001328;Шуруповер Дифмаш ША-18-02;---;Без категории;;-9
;00-00001334;Ремонт компрессора;---;Без категории;;-1
;00-00001335;Насос садовый Кронверк;---;Без категории;;-2
;00-00001338;Патрон сверлильный Диолд 13КLС-3;---;Без категории;;-1
;00-00001340;Ремонт бензокосы Эхо;---;Без категории;;
;00-00001343;Триммер электрический ТЕ 650;---;Без категории;;-1
;00-00001344;Пилки для лобзика Практика;---;Без категории;;-2
;00-00001346;Триммер бензиновый DT-52;---;Без категории;;-1
;00-00001348;Рулетка 5метров;---;Без категории;;-12
;00-00001349;Наушники;---;Без категории;;-2
;00-00001351;Диск твердосплавный Чемпион;---;Без категории;;-3
;00-00001352;Щетка чашечная Диолд ЩЧ-75 П;---;Без категории;;-2
;00-00001353;Ремонт воздуходувки STIHL BG-50;---;Без категории;;
;00-00001359;ПЛЭ-1-07;---;Без категории;;-6
;00-00001361;Сверло ступенчатое;---;Без категории;;-3
;00-00001363;Щетка чашечная Диолд 100мм;---;Без категории;;-4
;00-00001368;Электро триммер ТЕ-650;---;Без категории;;-1
;00-00001369;Стяжки пластик 100мм.;---;Без категории;;-8
;00-00001372;Перчатки латекс;---;Без категории;;-2
;00-00001373;Сцепление O-M 25;---;Без категории;;-4
;00-00001375;Строительные материалы;---;Без категории;;-1
;00-00001377;Трос газа;---;Без категории;;-9
;00-00001381;Ремонт мотокосы H;---;Без категории;;
;00-00001385;Шланг компрессорный;---;Без категории;;-1
;00-00001386;Шина 15 1,6 325 62;---;Без категории;;-1
;00-00001390;Заточка инструмента;---;Без категории;;
;00-00001391;Насосная станция KPS-850;---;Без категории;;-2
;00-00001392;Вылючатель для мотокосы;---;Без категории;;-1
;00-00001394;Насос дренажный Denzel DP600;---;Без категории;;-1
;00-00001395;Фартук защитного кожуха SRM22;---;Без категории;;-2
;00-00001401;Колено карбюратора;---;Без категории;;-3
;00-00001403;Бензобак 43сс;---;Без категории;;-3
;00-00001406;Дефектация отбойного молотка;---;Без категории;;
;00-00001409;Переходник 26*7;---;Без категории;;-1
;00-00001411;ЦПГ MS 250;---;Без категории;;-2
;00-00001414;Ремонт офиса;---;Без категории;;
;00-00001418;Шланги топливные комплект;---;Без категории;;-7
;00-00001421;Редуктор для мотокосы;---;Без категории;;-1
;00-00001422;Насос садовый Кронверк KGP-400E;---;Без категории;;-1
;00-00001424;Ручка газа в сборе с тросом;---;Без категории;;-9
;00-00001425;Кожух защитный;---;Без категории;;-55
;00-00001426;Пена монтажная Профессионал;---;Без категории;;-3
;00-00001427;Щетка металическая;---;Без категории;;-1
;00-00001428;Фильтр тонкой очистки;---;Без категории;;-1
;00-00001429;Поршневая группа Н-142;---;Без категории;;-1
;00-00001431;Штанга мотокосы 26*9;---;Без категории;;-2
;00-00001432;Редуктор 28*7;---;Без категории;;-3
;00-00001433;Лезвия сменные КОБАЛЬТ для ножей 18 мм;---;Без категории;;-5
;00-00001434;Муфта сцепления О-М 25;---;Без категории;;-5
;00-00001435;Овчина полировальная;---;Без категории;;-1
;00-00001436;Диск шлифовальный;---;Без категории;;-5
;00-00001437;КРП-1;---;Без категории;;-2
;00-00001440;Электроды 2,5 ммQE;---;Без категории;;-7
;00-00001441;Ротор;---;Без категории;;-2
;00-00001443;Поршень O-M 25;---;Без категории;;-5
;00-00001447;Ключ универсальный;---;Без категории;;-3
;00-00001448;Щетка дисковая;---;Без категории;;-6
;00-00001449;Подвесной ремень;---;Без категории;;-3
;00-00001452;Нож;---;Без категории;;-15
;00-00001454;Пружина сцепления;---;Без категории;;-12
;00-00001456;Хвостовик штанги FS-38;---;Без категории;;-11
;00-00001459;Редуктор для бензокосы;---;Без категории;;-4
;00-00001460;Штанга 26*7;---;Без категории;;-1
;00-00001461;Набор прокладок 52 см3;---;Без категории;;-10
;00-00001462;Маховик 33см3;---;Без категории;;-3
;00-00001463;Катушка зажигания;---;Без категории;;-5
;00-00001464;Шина Stihl 15 1,6 325 62;---;Без категории;;
;00-00001469;Диск для травы Husqvarna Grass 250-8Т 25.4;---;Без категории;;
;00-00001470;Напильник плоский Stihl;---;Без категории;;
;00-00001471;Свеча 2-х такт Husqvarna;---;Без категории;;-71
;00-00001472;Свеча 2-х такт. Stihl;---;Без категории;;-2
;00-00001473;Катушка тросика  ms-180,210,230,250;---;Без категории;;
;00-00001474;Фильтр воздушный Stihl MS-180;---;Без категории;;-2
;00-00001475;"Набор цеп. колеса  ms-260  270  280 325""";---;Без категории;;
;00-00001476;"Проф. цеп. колесо  ms-180-250 3/8"" Picco";---;Без категории;;
;00-00001477;"Проф. цеп. колесо  ms-260 270,280  325""";---;Без категории;;
;00-00001478;Напильник круглый 5,5мм;---;Без категории;;
;00-00001480;Диск-фреза 225 к FS-400\450\550;---;Без категории;;
;00-00001483;Ремонт газонокосилки;---;Без категории;;
;00-00001484;Соединение штанги;---;Без категории;;-1
;00-00001486;Ремкомплект карбюратора;---;Без категории;;-20
;00-00001487;Насос дренажный;---;Без категории;;-1
;00-00001489;Техническое обслуживание бензопилы;---;Без категории;;-1
;00-00001492;Ремонт кустореза Husqvarna 545FX;---;Без категории;;
;00-00001494;Техническое обслуживание бензогенератора Grost;---;Без категории;;
;00-00001495;ПЛЭ 1-08 Шток в сб. ДИОЛД;---;Без категории;;-1
;00-00001496;Дефектация инструмента;---;Без категории;;
;00-00001497;Диск КЛТ;---;Без категории;;-186
;00-00001498;Дренажный  насос KP300;---;Без категории;;-1
;00-00001499;Пылесос 1200-30 Диолд;---;Без категории;;-6
;00-00001502;Поршень с кольцами Хонда 160;---;Без категории;;-1
;00-00001504;Набор заточной;---;Без категории;;-3
;00-00001507;Щетка графитовая;---;Без категории;;-31
;00-00001510;Кордщетка;---;Без категории;;-1
;00-00001511;Стремянка 6 ступеней 1835 мм;---;Без категории;;-2
;00-00001512;Запасные части для мотокосы;---;Без категории;;
;00-00001514;Шампунь;---;Без категории;;-2
;00-00001515;Съемник стопорных колец;---;Без категории;;-1
;00-00001527;Сверло 13мм.;---;Без категории;;-1
;00-00001530;Шприц масленка Чемпион;---;Без категории;;-8
;00-00001531;Отвертка;---;Без категории;;-5
;00-00001534;Ремкомплект карбюратора;---;Без категории;;-6
;00-00001537;Заклепки для пистолета 4*12;---;Без категории;;-3
;00-00001539;Электроды 3,2 мм;---;Без категории;;-1
;00-00001540;Шуруповерт ДИОЛД ДЭА-12ли-08;---;Без категории;;-2
;00-00001544;Выключатель для эл. пилы;---;Без категории;;-1
;00-00001547;Н-р прокладок 43-52см3;---;Без категории;;-1
;00-00001548;Ролик;---;Без категории;;-1
;00-00001549;Скобы для степлера 10мм;---;Без категории;;-18
;00-00001552;Фен технический ДИФМАШ  ФТ-020;---;Без категории;;-1
;00-00001553;Компрессор автомобильный;---;Без категории;;-1
;00-00001554;Подшипник;---;Без категории;;-27
;00-00001555;Бур по бетону Ф25мм ДреБур;---;Без категории;;-1
;00-00001556;Вилка сетевая;---;Без категории;;-4
;00-00001557;"Шина 15"" 325 1,3 64 Oregon";---;Без категории;;-21
;00-00001558;Напильник круглый 5,5 мм Stihl;---;Без категории;;-1
;00-00001560;Диск-фреза 200 мм к FS-300\400\450;---;Без категории;;
;00-00001565;Нож концелярский;---;Без категории;;-3
;00-00001567;Маска защитная;---;Без категории;;-13
;00-00001568;Бита PZ-2;---;Без категории;;-22
;00-00001569;Пилка по ламинату;---;Без категории;;-2
;00-00001570;Сальник мотопомпы;---;Без категории;;-12
;00-00001571;Диск по дереву D190;---;Без категории;;-3
;00-00001573;Очки защитные;---;Без категории;;-1
;00-00001575;Перчатки латекс;---;Без категории;;-1
;00-00001579;Стяжки пластик 250мм.;---;Без категории;;-4
;00-00001580;Рулетка Диолд 5м;---;Без категории;;-1
;00-00001583;Замена подшипников;---;Без категории;;
;00-00001584;Шлифовальная платформа НМЭВУ 909;---;Без категории;;-2
;00-00001585;Шлифовальные листы;---;Без категории;;-25
;00-00001586;Конденсатор 12 Мф;---;Без категории;;-2
;00-00001590;Диск пильный для мотокосы;---;Без категории;;-5
;00-00001592;Техническое обслуживание бензогенератора FG6000 Champion;---;Без категории;;
;00-00001593;Техническое обслуживание бензогенератора SDMO;---;Без категории;;
;00-00001595;Подшипник игольчатый;---;Без категории;;-3
;00-00001598;Лебедка рычажная Matrix;---;Без категории;;-1
;00-00001599;Заклепки для пистолета вытяжные;---;Без категории;;-2
;00-00001600;Перчатки латексные;---;Без категории;;-8
;00-00001601;Прокладка т/изолятора;---;Без категории;;-2
;00-00001602;Стопор;---;Без категории;;-4
;00-00001603;Штифт;---;Без категории;;-1
;00-00001604;Реле давления;---;Без категории;;-2
;00-00001606;Двигатель;---;Без категории;;-1
;00-00001607;Диск отрезной 125*1,6;---;Без категории;;-4
;00-00001608;Диск заточной 145*32*3;---;Без категории;;-2
;00-00001609;Кордщетка;---;Без категории;;-2
;00-00001611;Рулетка Кобальт 7,5 м;---;Без категории;;-1
;00-00001613;Диск по камню;---;Без категории;;-3
;00-00001616;Покрышка тачки 3,5-8;---;Без категории;;-5
;00-00001617;Камера для тачки 3,5-8;---;Без категории;;-7
;00-00001618;Пилки по металлу;---;Без категории;;-2
;00-00001619;Техническое обслуживание световой башни GEKO;---;Без категории;;
;00-00001620;Техническое обслуживание бензогенератора Endress ESE 606;---;Без категории;;
;00-00001623;Шланг топливный;---;Без категории;;-48
;00-00001624;Диск зачистной Ф125мм;---;Без категории;;-12
;00-00001625;Стартер ручной;---;Без категории;;-1
;00-00001626;Насос дренажный Диолд НД-500;---;Без категории;;-1
;00-00001627;Ремкомплект карбюратора;---;Без категории;;-3
;00-00001628;Шприц масленка Чемпион;---;Без категории;;-2
;00-00001630;Молоток слесарный Кобальт 800 гр.;---;Без категории;;-1
;00-00001631;Кувалда 5000 г.Матрикс;---;Без категории;;-1
;00-00001633;Фекальный насос СФН1500-Н, 1500 Вт, напор 19 м, 25000 л/ч, нож.;---;Без категории;;-3
;00-00001634;Барабан стартера;---;Без категории;;-5
;00-00001635;Паяльник Элтерм;---;Без категории;;-1
;00-00001637;Стремянка 5 ступеней;---;Без категории;;-2
;00-00001638;"Шина 15"" 3/8 1,3 55";---;Без категории;;-2
;00-00001640;Головка двигателя 7л.с.;---;Без категории;;-1
;00-00001643;Насос дренажный QE 400f PROMO;---;Без категории;;-1
;00-00001644;Диск пильный 190*40*30 Практика;---;Без категории;;-2
;00-00001646;Шланг поливочный PALISAD 25 м 67477;---;Без категории;;-1
;00-00001647;Пероратор DENZEL RHV-1050-38;---;Без категории;;-1
;00-00001649;Ремон фрезера;---;Без категории;;
;00-00001650;Стекло для сварочной маски QUATTRO ELEMENTI 110 х 90 мм, защитное, поликарбонат, блистер, 2 шт;---;Без категории;;-1
;00-00001652;Рем.комплект троса;---;Без категории;;-15
;00-00001653;"Шина Champion 18"" 325 1,5 72";---;Без категории;;-1
;00-00001655;Диафрагма ПРЭ-11;---;Без категории;;-1
;00-00001657;Винт;---;Без категории;;-1
;00-00001658;Покрышка тачки 4,00-6;---;Без категории;;-1
;00-00001660;Навесное оборудование к мотоблоку;---;Без категории;;
;00-00001662;Грунтозацепы высокие;---;Без категории;;-1
;00-00001663;Окучник двухрядный;---;Без категории;;-2
;00-00001664;Удлинители колес 2шт;---;Без категории;;-1
;00-00001665;Сцепка;---;Без категории;;-1
;00-00001668;Нож концелярский усиленный;---;Без категории;;-3
;00-00001682;Электорды 3,2;---;Без категории;;-4
;00-00001683;Стремянка 4 ступени;---;Без категории;;-1
;00-00001685;Выключатель для шуруповерта;---;Без категории;;-2
;00-00001686;Диск для кустореза;---;Без категории;;-10
;00-00001687;Стартер для триммера;---;Без категории;;-2
;00-00001688;Диск пильный Диолд 210*60т*30;---;Без категории;;-1
;00-00001689;Шланг топливный;---;Без категории;;-4
;00-00001690;Ремкомплект карбюратора FS-55;---;Без категории;;-1
;00-00001691;Грунтозацепы низкие Дензел;---;Без категории;;-1
;00-00001692;Перчатки ХБ;---;Без категории;;-10
;00-00001694;Венчик для штукатурных смесей;---;Без категории;;-1
;00-00001698;Праймер подкачки;---;Без категории;;-33
;00-00001699;Хомуты пластиковые;---;Без категории;;-5
;00-00001703;Комплект шлангов;---;Без категории;;-1
;00-00001704;Насос дренажный ДЕНЗЕЛ DP-1400X;---;Без категории;;-1
;00-00001706;Трос включения двигателя;---;Без категории;;-10
;00-00001707;Шкиф стартера;---;Без категории;;-2
;00-00001708;Болт;---;Без категории;;-13
;00-00001712;Камера для тачки;---;Без категории;;-8
;00-00001714;Конденсатор 35 мф;---;Без категории;;-2
;00-00001715;Штуцер подключения воды;---;Без категории;;-1
;00-00001716;Уровень Кобальт 600мм;---;Без категории;;-1
;00-00001718;Стартер ручной;---;Без категории;;-5
;00-00001719;Колесо для газонокосилки;---;Без категории;;-2
;00-00001720;Диск пильный 160*32т*20;---;Без категории;;-1
;00-00001723;Бензобак;---;Без категории;;-4
;00-00001725;Струбцина 50*300;---;Без категории;;-1
;00-00001726;Стартер от бензопилы;---;Без категории;;-1
;00-00001727;Гайка левая М10-1,25;---;Без категории;;-8
;00-00001731;Хомут нержавейка;---;Без категории;;-2
;00-00001733;Бокорезы;---;Без категории;;-5
;00-00001735;Шуруповерт Дифмаш ША-12-02;---;Без категории;;-1
;00-00001736;Статор МЗ 0,13;---;Без категории;;-1
;00-00001737;Пистолет для пены;---;Без категории;;-3
;00-00001738;Шуруповерт Диолд ДЭА-16ЛИ-08;---;Без категории;;-1
;00-00001743;Заклепки вытяжные  4мм;---;Без категории;;-5
;00-00001746;Фильтр воздушный;---;Без категории;;-6
;00-00001747;Покрышка для камеры;---;Без категории;;-1
;00-00001748;Шестерни редуктора ИНТЕРСКОЛ1800;---;Без категории;;-1
;00-00001749;ЦПГ Echo SRM 22;---;Без категории;;-1
;00-00001751;Пробка бензобака;---;Без категории;;-4
;00-00001752;Редуктор 26*9;---;Без категории;;-35
;00-00001755;Дефектация бензокосы;---;Без категории;;
;00-00001759;Масса магнитная Дензел 97559;---;Без категории;;-2
;00-00001760;Бур по бетону Практика 038-135 25 мм;---;Без категории;;-1
;00-00001761;Нож для газонокосилки 53 мм Хускварна;---;Без категории;;-1
;00-00001762;Рулетка Центроинструмент 10м.;---;Без категории;;-5
;00-00001763;Сверло;---;Без категории;;-25
;00-00001764;Насос дренажный Дензел DP-1400X;---;Без категории;;-1
;00-00001767;Корпус сцепления 9 шлицов;---;Без категории;;-7
;00-00001768;Уплотнение бензобака;---;Без категории;;-2
;00-00001769;Гайка в сборе Autocut  5-2 С;---;Без категории;;-3
;00-00001770;WR-40 смазка;---;Без категории;;-2
;00-00001771;Бензобак для мотокосы;---;Без категории;;-10
;00-00001772;Ремонт комбо двигателя Oleo-Mac;---;Без категории;;
;00-00001773;Рукав напорный  50 с головками ГР-50 (20м);---;Без категории;;-2
;00-00001774;Шпиндель Bosch;---;Без категории;;-1
;00-00001775;Шланг бензиновый;---;Без категории;;-18
;00-00001776;Прокладки набор;---;Без категории;;-27
;00-00001783;Пробка бензобака;---;Без категории;;-1
;00-00001785;Дефектация шуруповета;---;Без категории;;
;00-00001786;Замена карбюратора;---;Без категории;;
;00-00001787;Замена модуля зажигания;---;Без категории;;-1
;00-00001789;Наушники CHAMPION;---;Без категории;;-3
;00-00001791;Клемма магнитная масса для сварочных работ DENZEL;---;Без категории;;-1
;00-00001797;Корпус возд.фильтра BG-56/86;---;Без категории;;-1
;00-00001799;Шуруповерт ДЭА-16Л-08;---;Без категории;;-1
;00-00001800;Тонкогубцы КОБАЛЬТ 200мм;---;Без категории;;-1
;00-00001805;"Шина 15"" 325 1,3 64 Oregon";---;Без категории;;
;00-00001807;Смазка редуктора бензокосы Rezoil;---;Без категории;;-3
;00-00001810;Техническое обслуживание бензокосы Champion Т433-2;---;Без категории;;
;00-00001815;Электропила DDE CSE 250;---;Без категории;;-4
;00-00001817;Шестерни редуктора;---;Без категории;;-8
;00-00001821;Канистра пластик 10л DDE;---;Без категории;;-1
;00-00001822;Шестерня привода колес LM 4626;---;Без категории;;-2
;00-00001823;Штифт 5мм;---;Без категории;;-2
;00-00001824;Сверло по металлу Р6М5 8,0 х 117 мм (1шт.) блистер;---;Без категории;;-1
;00-00001825;Фиксатор магнитный для сварочных работ усилие 25 LB DENZEL 97551;---;Без категории;;-1
;00-00001827;Подшипник для садовой тачки;---;Без категории;;-8
;00-00001828;Плиткорез;---;Без категории;;-1
;00-00001829;Привод маслонасоса;---;Без категории;;-3
;00-00001830;Маслонасос;---;Без категории;;-5
;00-00001831;Статор Bosch;---;Без категории;;-1
;00-00001832;Регулятор оборотов;---;Без категории;;-1
;00-00001833;Диск Cutop 230mm;---;Без категории;;-10
;00-00001836;Набор ключей;---;Без категории;;-2
;00-00001839;Штанга FS38;---;Без категории;;-2
;00-00001840;Ручка дуга;---;Без категории;;-3
;00-00001842;Шуруповерт ДЭА-20Л-08;---;Без категории;;-1
;00-00001843;Чашка шлифовалная по бетону;---;Без категории;;-2
;00-00001844;Пилки сабельные;---;Без категории;;-1
;00-00001849;Бур земляной ручной 150мм*2 м;---;Без категории;;-1
;00-00001851;"Шина CHAMPION 18""-0,325-1,3-72 (Ch250,255,350 180SLВK095)¶";---;Без категории;;-1
;00-00001852;Червяк маслонасоса;---;Без категории;;-6
;00-00001857;Пилки для лобзика;---;Без категории;;-6
;00-00001858;Кронштейн для МШУ 1-125;---;Без категории;;-2
;00-00001859;Статор;---;Без категории;;-2
;00-00001860;Шток ПЛЭ1-08;---;Без категории;;-1
;00-00001866;Насос скважинный Дензел 3-75;---;Без категории;;-2
;00-00001871;Пена монтажная;---;Без категории;;-1
;00-00001874;Фреза;---;Без категории;;-7
;00-00001876;РУКАВ НАПОРНЫЙ DDE С 2 ГОЛОВКАМИ ГР-50 АРТ. РН-50-20;---;Без категории;;-2
;00-00001877;Легковой универсал RENAULT DUSTER;---;Без категории;;
;00-00001879;ЦПГ H-141;---;Без категории;;-1
;00-00001880;Щетка графитовая (пара);---;Без категории;;-262
;00-00001881;Шайба;---;Без категории;;-5
;00-00001882;Кусачки Кобальт 180 мм;---;Без категории;;-3
;00-00001883;Мешки для пылесоса;---;Без категории;;-4
;00-00001884;Поршень 52 см3;---;Без категории;;-1
;00-00001885;Сверло ступенчатое 4-20;---;Без категории;;-2
;00-00001887;УШМ Дифмаш 010;---;Без категории;;-1
;00-00001888;Зажим массы;---;Без категории;;-2
;00-00001891;Стремянка 4х ступенчатая;---;Без категории;;
;00-00001893;Сцепление;---;Без категории;;-13
;00-00001896;Корпус редуктора;---;Без категории;;-3
;00-00001897;Степлер ручной;---;Без категории;;-4
;00-00001900;Аккумулятор;---;Без категории;;-7
;00-00001901;AVR;---;Без категории;;-4
;00-00001903;Ручка стартера;---;Без категории;;-10
;00-00001907;Аккумулятор 12В;---;Без категории;;-1
;00-00001909;Круг лепестковый абразивный радиальный Диолд d 40х25 мм, хвостовик d 6 мм,;---;Без категории;;-3
;00-00001911;Ремень клиновой 660;---;Без категории;;-2
;00-00001917;Стойка для УШМ;---;Без категории;;-1
;00-00001918;Шнур сетевой;---;Без категории;;-8
;00-00001920;Дефектация перфоратора;---;Без категории;;
;00-00001921;Диск пильный твёрдосплавный по дереву, ДСП ПРАКТИКА 180 х 20\16 мм, 40 зубов;---;Без категории;;-1
;00-00001922;Струбцина Кобальт;---;Без категории;;-4
;00-00001923;Филтр НЕРА для пылесоса (моторный);---;Без категории;;-1
;00-00001924;Длинногубцы;---;Без категории;;-1
;00-00001926;Заточка топора;---;Без категории;;-3
;00-00001927;Шина бензопилы;---;Без категории;;-1
;00-00001931;Ремонт дрели;---;Без категории;;
;00-00001936;Статор УШМ 020;---;Без категории;;-1
;00-00001937;"Шина CHAMPION 15""-0,325-1,3-64 (Ch250,255;H137,142,340,345,353,435-450 150SLBA095)¶";---;Без категории;;-1
;00-00001950;"Шина Oregon 14"" 3/8 PM 50";---;Без категории;;-1
;00-00001954;Пильное полотно для сабельной пилы;---;Без категории;;-5
;00-00001961;Шнур стартера;---;Без категории;;-84
;00-00001962;"Шина CHAMPION 20""-3/8-1,3-72 (Ch265,H61,365,372XP,395XP,562XP,576XP 200SLHD009)¶";---;Без категории;;-2
;00-00001963;Насадка бензорез 150 мм;---;Без категории;;-2
;00-00001964;Электромотор для шуруповерта 18Вт;---;Без категории;;-2
;00-00001965;Натяжитель цепи;---;Без категории;;-1
;00-00001966;Сверло ПРАКТИКА  4,8;---;Без категории;;-1
;00-00001968;Ремонт электродрели Bosch;---;Без категории;;
;00-00001978;Пильное полотно для сабельной пилы S1531LHCS, 5 TPI, 240 мм, 1,5 мм, по дереву;---;Без категории;;-1
;00-00001982;шланг импульсный;---;Без категории;;-3
;00-00001984;Подшипник тачки 20мм ось;---;Без категории;;-2
;00-00001985;Сверло ступенчатое по металлу 4-30мм;---;Без категории;;-2
;00-00001988;Фланец наружний ДП-2000;---;Без категории;;-1
;00-00001990;Бензонасос;---;Без категории;;-1
;00-00001991;Насадка бензорез для Н-136/142;---;Без категории;;-1
;00-00001992;ННМ-20 Насадка-ножницы;---;Без категории;;-4
;00-00002004;Клапан декомпрессионный;---;Без категории;;-1
;00-00002005;Насос дренажный КРОНВЕРК КР-600;---;Без категории;;-1
;00-00002012;Рихтовка коленвала;---;Без категории;;
;00-00002013;Шланги с фильтром;---;Без категории;;-4
;00-00002015;Трос привода;---;Без категории;;-3
;00-00002017;Нож пластиковый;---;Без категории;;-2
;00-00002018;Фильтр воздушный B&S;---;Без категории;;-1
;00-00002019;Штанга 26*9;---;Без категории;;-18
;00-00002020;Штанга 26*9;---;Без категории;;-2
;00-00002025;Шланг гибкий для компрессора Диолд ШПУ-10;---;Без категории;;-1
;00-00002028;Гайка м10-1,25;---;Без категории;;-1
;00-00002031;Шайбы редуктора для мотокос комплект ( шайбы+чашка+гайка,6 зубьев)¶;---;Без категории;;-10
;00-00002034;Кожух защитный T256,333,338,433,438,523,528 комплект с кронштейном;---;Без категории;;
;00-00002035;Венчик для смеси;---;Без категории;;-3
;00-00002036;Удлинитель сетевой 30 м 2*0,75;---;Без категории;;-1
;00-00002037;Подшипник для тачки 16мм;---;Без категории;;-2
;00-00002038;Триммер CHAMPION Т528S-2;---;Без категории;;-2
;00-00002039;ТЕ-650;---;Без категории;;-1
;00-00002040;Редуктор 24,5*4;---;Без категории;;-6
;00-00002045;Шампунь для моек;---;Без категории;;-2
;00-00002046;ЩЧ-75К щетка;---;Без категории;;-1
;00-00002049;Фен технический Диолд ВГВ-1-02;---;Без категории;;-1
;00-00002050;"Шина CHAMPION 15""-0,325-1,5-64";---;Без категории;;-1
;00-00002051;Насос дренажный Denzel DP250;---;Без категории;;
;00-00002053;Диск для мотокосы;---;Без категории;;-4
;00-00002054;Патрон сверлильный 10КLС-2;---;Без категории;;-2
;00-00002056;ПОЛОТНА НОЖОВОЧНЫЕ ПО МЕТАЛЛУ КОБАЛЬТ 300 ММ;---;Без категории;;-1
;00-00002067;Дефектация бытовой техники;---;Без категории;;
;00-00002068;Пильное полотно НМЭВ- 65КЗ;---;Без категории;;-1
;00-00002069;Пильное полотно НМЭВ- 45Т;---;Без категории;;-1
;00-00002071;Опорная тарелка ОТ-125 МШУ;---;Без категории;;-4
;00-00002072;Пилка для лобзика по ламинату;---;Без категории;;
;00-00002074;Кронштейн крепления руля;---;Без категории;;-10
;00-00002075;Кронштейн;---;Без категории;;-3
;00-00002078;Ручка напильника;---;Без категории;;-2
;00-00002083;Кольцо поршневое;---;Без категории;;-15
;00-00002084;Фланец подшипника;---;Без категории;;-2
;00-00002086;Набор мембран карбюратора;---;Без категории;;-3
;00-00002088;Маховик Husqvarna;---;Без категории;;-2
;00-00002089;Ремонт электрокосы;---;Без категории;;-2
;00-00002090;Миксер EM1-1600;---;Без категории;;-1
;00-00002095;Выравнивание коленчатого вала;---;Без категории;;
;00-00002097;ДЛИННОГУБЦЫ КОБАЛЬТ 200 ММ;---;Без категории;;-2
;00-00002099;Шайба крепления диска к-т;---;Без категории;;-9
;00-00002100;СЪЕМНИК СТОПОРНЫХ КОЛЕЦ КОБАЛЬТ ВНЕШНИЙ ПРЯМОЙ 150 ММ;---;Без категории;;-1
;00-00002104;Саморезы 65мм;---;Без категории;;-740
;00-00002105;Скобы для степлера 6мм;---;Без категории;;-23
;00-00002118;ПЦБ-50-18;---;Без категории;;-1
;00-00002122;Круг наждачный;---;Без категории;;-3
;00-00002123;Тарелка опорная шлифовальная;---;Без категории;;-2
;00-00002126;УШМ-1,2-03;---;Без категории;;-2
;00-00002127;Диск пильный140*20/16;---;Без категории;;-2
;00-00002129;Скважинный насос;---;Без категории;;
;00-00002130;Корпус шуруповерта;---;Без категории;;
;00-00002135;Электроды 3 мм ОЗС-12;---;Без категории;;-1
;00-00002137;Плата регулировки оборотов МШУ 1,2-01;---;Без категории;;-1
;00-00002139;Шланг поливочный Палисад 25м 3/4;---;Без категории;;-1
;00-00002140;Ремкомплект чепи;---;Без категории;;
;00-00002141;Щетка графитовая CB-350;---;Без категории;;-1
;00-00002162;Муфта сцепления ECHO;---;Без категории;;-10
;00-00002288;Сверло по стеклу и керамике Профи 4+;---;Без категории;;-1
;00-00002290;Дефектация насосной станции высокого давления;---;Без категории;;
;00-00002293;Винт слевой резьбой М6;---;Без категории;;-1
;00-00002295;Пильное полотно для сабельной пилы S922EF;---;Без категории;;-1
;00-00002297;Корд щетка ручная;---;Без категории;;-5
;00-00002302;Пилкадержатель;---;Без категории;;
;00-00002303;Прабойник;---;Без категории;;
;00-00002304;Пробойник;---;Без категории;;-2
;00-00002305;Набор шарошек;---;Без категории;;-1
;00-00002306;Шип расклепывательный;---;Без категории;;-1
;00-00002307;Срезной болт;---;Без категории;;-8
;00-00002313;Напильник круглый 4,0 мм.;---;Без категории;;-63
;00-00002314;Напильник круглый 4,8 мм.;---;Без категории;;-73
;00-00002315;Напильник круглый 5,5 мм.;---;Без категории;;-58
;00-00002318;"Шина  14"" 3/8 1,3 50 Stihl";---;Без категории;;-11
;00-00002319;Стойка для дрели смс-43;---;Без категории;;-1
;00-00002320;Насос дренажный ДЕНЗЕЛ 800;---;Без категории;;-1
;00-00002321;Дренажный насос DP1100X, 1100 Вт, подъем 11 м, 15500 л/ч Denzel;---;Без категории;;-1
;00-00002324;"Диск 125 х 36Т х 22,2 мм (переходник на 20) ""ДИОЛД""¶";---;Без категории;;-1
;00-00002326;Нож для триммера Диолд 230х40Тх25,4х1,3мм;---;Без категории;;
;00-00002327;Щеточный узел для BOSCH-2-26;---;Без категории;;
;00-00002328;Бита с торцевой головкой 8мм;---;Без категории;;-5
;00-00002329;Рулетка STAYER 10м;---;Без категории;;-2
;00-00002330;Диск пильный 125;---;Без категории;;-2
;00-00002331;Ножовка 350 мм ЗУБР;---;Без категории;;-1
;00-00002332;Насадка пила;---;Без категории;;-1
;00-00002335;Держатель электродов 400А;---;Без категории;;-2
;00-00002338;Угловая шлифовальная машина Metabo W 750-125;---;Без категории;;
;00-00002343;Фильтр воздушный FS-400;---;Без категории;;-2
;00-00002346;"Скважинный насос DWS-3,5-100, винтовой, диаметр 3,5"", 800 Вт, 1700 л/ч, напор 100 м Denzel";---;Без категории;;-1
;00-00002347;"Скважинный насос СНВ-3-65, винтовой, диаметр 3"", 700 Вт, 1800 л/ч, напор 65 м Сибртех";---;Без категории;;-1
;00-00002351;Шлифовальная лента 75х457 мм Р36 (3 шт)¶;---;Без категории;;-5
;00-00002352;"Диск алмазный турбированный ПРАКТИКА ""Сделай Сам"" 125 х 22 мм (1 шт.) отгружать кратно 5 шт (в пленк";---;Без категории;;-1
;00-00002354;"Скважинный насос DWS-3-75, винтовой, диаметр 3"", 500 Вт, 1600 л/ч, напор 75 м";---;Без категории;;-1
;00-00002355;Триммер ДДЕ-1300;---;Без категории;;-1
;00-00002357;СВЕРЛО ПО МЕТАЛЛУ ПРАКТИКА Р6М5 11,0 Х 142 ММ;---;Без категории;;-1
;00-00002360;Штуцер деки для подключения шланга;---;Без категории;;-2
;00-00002363;Блок питания 12В;---;Без категории;;-1
;00-00002364;Ремень клиновой;---;Без категории;;-10
;00-00002365;Диск отрезной 230*22,2 бетон;---;Без категории;;
;00-00002366;Бур по бетону 25*600 SDS MAX;---;Без категории;;-1
;00-00002367;Сверло по стеклу и керамике стандарт 2+;---;Без категории;;-2
;00-00002368;Термостат B&S 5932085;---;Без категории;;-1
;00-00002369;Головка 1/2 27;---;Без категории;;-1
;00-00002370;Головка 1/2 32;---;Без категории;;-1
;00-00002373;Ремкомплект троса;---;Без категории;;-2
;00-00002374;Коленчатый вал;---;Без категории;;-3
;00-00002376;Болт крепления сцепления;---;Без категории;;-4
;00-00002379;Конденсатор 16Мф;---;Без категории;;-1
;00-00002382;Мотопомпа грязевая MasterYard № 410138000074;---;Без категории;;
;00-00002384;Мотопомпа грязевая MasterYard № 41013800007;---;Без категории;;
;00-00002385;Мотопомпа грязевая MasterYard № 410138000075;---;Без категории;;
;00-00002386;"Пильное полотно для сабельной пилы S922EF, BIM, 18 TPI, 150мм, 0,9 мм, по металлу ""ДИОЛД""";---;Без категории;;-4
;00-00002387;Набор ножей Policut 5-3, 6-3, 20-3, 40-3 (12 штук );---;Без категории;;-2
;00-00002389;Редуктор 24*7;---;Без категории;;-3
;00-00002391;Диск с твердосплавными напайками;---;Без категории;;-30
;00-00002396;"Шина 18"" 3/8 1,5 68";---;Без категории;;-1
;00-00002400;Набор ключей шестигранных 9шт.;---;Без категории;;-6
;00-00002404;Молоток Gigant 500 г.;---;Без категории;;-1
;00-00002405;Бур-лопатка;---;Без категории;;-3
;00-00002408;Диск шлифовальный 125 мм;---;Без категории;;-1
;00-00002409;"Пистолет для герметика ДИОЛД 9""¶";---;Без категории;;-1
;00-00002411;Травосборник;---;Без категории;;-2
;00-00002412;Триммер Т 444S-2;---;Без категории;;-1
;00-00002414;Опорная тарелка на липучей основе Диолд ОТ-125 МШУ;---;Без категории;;-3
;00-00002415;Промывка для пены;---;Без категории;;-1
;00-00002416;Триммер Т 252;---;Без категории;;-1
;00-00002419;"Шина 16"" 3/8 1,6 60";---;Без категории;;-2
;00-00002421;Шестерня привода левая;---;Без категории;;-1
;00-00002422;Шестеря привода правая;---;Без категории;;-1
;00-00002423;Дефлектор двигателя;---;Без категории;;-1
;00-00002424;Пластина дефлектора;---;Без категории;;-1
;00-00002425;Втулка штанги;---;Без категории;;-6
;00-00002426;Двигатель для шуруповерта 21Вт;---;Без категории;;-3
;00-00002427;ЦПГ Hitachi;---;Без категории;;-1
;00-00002430;Нож для рубанка 110*29*3,0;---;Без категории;;-2
;00-00002433;"Насос вибрационный ""Ручеек-1"", 10м (верхний забор воды; медная обмотка двигателя)";---;Без категории;;-1
;00-00002435;Моечная машина  R-165;---;Без категории;;-1
;00-00002439;Дефектация мотопомпы Fubag;---;Без категории;;
;00-00002441;Вставка в головку;---;Без категории;;-2
;00-00002459;Курок газа;---;Без категории;;-1
;00-00002469;Шнек D 150;---;Без категории;;-1
;00-00002475;"Диск125х48Тх22,2мм(переходникна20)""ДИОЛД""¶";---;Без категории;;-1
;00-00002477;ЗУБИЛО SDS-MAX ПИКООБРАЗНОЕ ПРАКТИКА 600 ММ;---;Без категории;;-1
;00-00002482;ПАССАТИЖИ КОБАЛЬТ 160 ММ;---;Без категории;;-1
;00-00002483;Канистра для топлива с крышкой и лейкой 20 л Rezer REZOIL 03.011.00041;---;Без категории;;-1
;00-00002489;Биты с торцевыми головками 10 мм, 45 мм, 2 шт. Matrix;---;Без категории;;-1
;00-00002491;Фланец;---;Без категории;;-3
;00-00002492;"Шина 14"" 325 1,3 56 Stihl";---;Без категории;;-1
;00-00002494;Ролик ствола HR5001c;---;Без категории;;-1
;00-00002497;Замок;---;Без категории;;-1
;00-00002498;Замок навесной АПЕКС;---;Без категории;;-2
;00-00002500;Набор гравера;---;Без категории;;-1
;00-00002504;Отвертка крестовая PH2x100 мм;---;Без категории;;-2
;00-00002523;"Угольник столярный, 0,8 мм,  300 мм ""ДИОЛД""";---;Без категории;;
;00-00002524;"Угольник столярный, 0,8 мм,  350 мм ""ДИОЛД";---;Без категории;;-1
;00-00002525;Нож, 18 мм, выдвижное лезвие  Matrix;---;Без категории;;-1
;00-00002526;Снегоуборочная машина SB 560;---;Без категории;;-2
;00-00002527;Болт срезной;---;Без категории;;-5
;00-00002535;Тепловентилятор ДЕНЗЕЛ DHC-3-150;---;Без категории;;-1
;00-00002536;Шланг маслозаборный;---;Без категории;;-1
;00-00002537;Пилки для лобзика по алюминию ПРАКТИКА тип T227D 100 х 75 мм, криволинейный рез, HSS (2шт.)¶;---;Без категории;;-1
;00-00002539;Полотно по металлу 10шт.;---;Без категории;;-1
;00-00002547;Сверло по бетону ПРАКТИКА  5 х 85 мм (1шт.) блистер серия Профи¶;---;Без категории;;-1
;00-00002550;Набор ГРМ;---;Без категории;;-1
;00-00002586;Набор аммортизаторов;---;Без категории;;-4
;00-00002589;Звено соеденительное.;---;Без категории;;-10
;00-00002595;Пилки для лобзика Диолд T-SETS (Т123X, Т234X, Т345X);---;Без категории;;-1
;00-00002596;Лист охлождающий;---;Без категории;;-1
;00-00002597;Прокладка глушителя;---;Без категории;;-1
;00-00002598;Щетка для УШМ чашечная d-125мм;---;Без категории;;-6
;00-00002599;"Щетка д/дрели ""чашка"" гофр. 50мм GEPARD";---;Без категории;;-2
;00-00002601;Рукоятка;---;Без категории;;-1
;00-00002602;Электропила мини;---;Без категории;;-1
;00-00002604;Ремонт бензощетки Stihl;---;Без категории;;
;00-00002605;Сверло по бетону ПРАКТИКА  8 х 120 мм (1шт.) блистер серия Профи¶;---;Без категории;;-1
;00-00002606;Сверло по бетону ПРАКТИКА 10 х 120 мм (1шт.) блистер серия Профи¶;---;Без категории;;-1
;00-00002607;Пила цепная аккумуляторная;---;Без категории;;-2
;00-00002608;Муфта крепления ручек;---;Без категории;;-5
;00-00002610;Пилка для лобзика по металу;---;Без категории;;-2
;00-00002624;Пильное полотно для сабельной пилы S1531L¶Пильное полотно;---;Без категории;;-1
;00-00002627;Сверло 5мм.;---;Без категории;;-8
;00-00002630;Мешок для пылесоса;---;Без категории;;-2
;00-00002631;Пружина редуктора;---;Без категории;;-1
;00-00002633;Шина 18 325 1,3 72;---;Без категории;;-1
;00-00002635;Секатор Стартул 210мм;---;Без категории;;-3
;00-00002639;Круг алмазный Диолд 125x22,2 мм;---;Без категории;;-1
;00-00002641;Фильтр воздушный T 444S-2 фетр;---;Без категории;;-5
;00-00002644;Пистолет поливочный;---;Без категории;;-7
;00-00002647;"Насадка ""цепная пила"" на УШМ (125мм)";---;Без категории;;-2
;00-00002690;Трос сцепления;---;Без категории;;-1
;00-00002691;Трос сцепления с ручкой;---;Без категории;;-1
;00-00002692;Бур по бетону SDS-Plus 6×210;---;Без категории;;-1
;00-00002693;Втулка головки;---;Без категории;;-2
;00-00002694;Ремень двухплечный ECO GTP-821;---;Без категории;;-6
;00-00002697;Шлифовальная платформа НМЭВУ-909;---;Без категории;;-1
;00-00002698;Быстросъем;---;Без категории;;-1
;00-00002700;Соеденитель;---;Без категории;;-2
;00-00002701;Разбрызгиватель;---;Без категории;;-1
;00-00002702;Поршневая группа STIHL TS-800 (аналог);---;Без категории;;-1
;00-00002703;Прокладка цилиндра TS-800;---;Без категории;;-1
;00-00002704;Фильтр воздушный TS-800;---;Без категории;;-1
;00-00002705;Фильтр топливный TS-800;---;Без категории;;-1
;00-00002708;Распылитель Стартул;---;Без категории;;-1
;00-00002710;Ремень хода LM 5131  10*711Li;---;Без категории;;-2
;00-00002711;Щетки графитовые (пара);---;Без категории;;
;00-00002712;Щетки графитовые (пара);---;Без категории;;-2
;00-00002713;Дефектация электроинструмента;---;Без категории;;
;00-00002715;Комплект шайб и гайки редуктора (4 предмета) для бензокос FS 55,;---;Без категории;;-2
;00-00002716;ЦПГ Echo 2655;---;Без категории;;
;00-00002741;Шланг для пылесоса;---;Без категории;;
;00-00002765;Штанга 28*9;---;Без категории;;-1
;00-00002766;Диск кустореза OREGON Scarlet 225*25.4;---;Без категории;;
;00-00002767;Диск кустореза Husqvarna Scarlet 225*25.4;---;Без категории;;-1
;00-00002769;Круг зачистной;---;Без категории;;-4
;00-00002773;"Маска сварочная ПАРМА практик (110х90 мм; DIN9)";---;Без категории;;
;00-00002775;Шлифтарелка;---;Без категории;;-8
;00-00002778;Шпилька;---;Без категории;;-1
;00-00002785;Переходник;---;Без категории;;-14
;00-00002786;Пистолет пневмо.;---;Без категории;;-1
;00-00002787;"Ключ-трещотка 1/2"", 45 зубьев";---;Без категории;;-1
;00-00002788;Молоток;---;Без категории;;-2
;00-00002790;Диагностика;---;Без категории;;
;00-00002793;кран топливный;---;Без категории;;-2
;00-00002794;Распиратор;---;Без категории;;-2
;00-00002798;Трактор садовый DDE 106 - 300 (25,0 л.с., шир., 106 см, выс., 25-90 мм, сбор-к 300 л);---;Без категории;;-1
;00-00002804;Дека для г/косилки;---;Без категории;;-2
;00-00002806;Щетка дисковая для углошлифовальных машин;---;Без категории;;-2
;00-00002808;Зажим массы 3м-300-02;---;Без категории;;-1
;00-00002809;Держатель электродов ДЭ-600;---;Без категории;;-1
;00-00002810;Горелка с пьезоподжигом;---;Без категории;;-1
;00-00002821;Горелка газовая;---;Без категории;;-1
;00-00002829;Щиток сварщика с самозатемняющимся светофильтром Solaris ASF520S;---;Без категории;;-1
;00-00002831;Батарейка;---;Без категории;;-43
;00-00002832;Движок;---;Без категории;;-1
;00-00002835;Корпус возд.фильтра;---;Без категории;;-4
;00-00002836;Шаблон;---;Без категории;;-1
;00-00002837;Топор;---;Без категории;;-1
;00-00002840;Щетка;---;Без категории;;-2
;00-00002850;Литиевая батарейка CR2430;---;Без категории;;-6
;00-00002857;Бита торцовая 8мм;---;Без категории;;
;00-00002858;Бита торцевая 8мм Диолд;---;Без категории;;-2
;00-00002861;Станция водоснабжения автоматическая CLASSIC-SP 1,5-20, A&P (300 Вт, 4000 л/ч, 30 м);---;Без категории;;
;00-00002885;За проведение гарантийных и предторговых ремонтов по договору Услуги по ремонту №ИР-0095/19-СС от 25;---;Без категории;;
;00-00002889;Пильный диск по дереву 160x48Tx20 мм;---;Без категории;;-1
;00-00002891;Клапана ГБЦ;---;Без категории;;-1
;00-00002895;Подошва шлливмашины;---;Без категории;;-2
;00-00002896;Ремонт мотопомпы;---;Без категории;;
;00-00002904;Зарядное устройство;---;Без категории;;-1
;00-00002907;Опора;---;Без категории;;-1
;00-00002909;Предоплата за услуги по ремонту;---;Без категории;;
;00-00002910;Пилка для сабельной пилы;---;Без категории;;-3
;00-00002915;Сверло 7,0мм;---;Без категории;;-5
;00-00002923;Диск кустореза;---;Без категории;;-1
;00-00002924;Сцепление для виброплиты;---;Без категории;;-2
;00-00002927;Компрессор DGM AC-125C;---;Без категории;;-1
;00-00002930;Маховик G-390;---;Без категории;;-1
;00-00002932;Полотно по металлу;---;Без категории;;-2
;00-00002934;Секатор;---;Без категории;;-6
;00-00002935;Пистолет для герметика ДИОЛД 9″;---;Без категории;;-1
;00-00002936;Пистолет для герметика ДИОЛД 9″;---;Без категории;;-1
;00-00002937;Клей монтажный ТИТАН №1;---;Без категории;;-1
;00-00002939;Пистолет распылитель;---;Без категории;;-1
;00-00002949;Шланг напорный;---;Без категории;;-1
;00-00002952;Аккум. мини-пила;---;Без категории;;-4
;00-00002953;Шина 15 1,3 3/8 55;---;Без категории;;-1
;00-00002956;Сверло по дереву;---;Без категории;;-2
;00-00002963;Ремонт кустореза Efco;---;Без категории;;
;00-00002964;Вильчатый рычаг;---;Без категории;;-1
;00-00002968;Запасные части для г/косилки;---;Без категории;;-1
;00-00002977;Уплотнение имп.канала;---;Без категории;;-2
;00-00002979;Крышка воздушного фильтра;---;Без категории;;-1
;00-00002980;Набор минипила плюс секатор;---;Без категории;;-2
;00-00002982;Клин валочный 340 мм;---;Без категории;;-1
;00-00002983;Сверло 6мм;---;Без категории;;-2
;00-00002991;Комплект шайб и гайки редуктора;---;Без категории;;-2
;00-00002992;Заточка ножа газонокосилки;---;Без категории;;-1
;00-00002993;Аккум. мини-пила + Секатор;---;Без категории;;-2
;00-00002998;Пружина;---;Без категории;;-1
;00-00002999;Шестигранник набор;---;Без категории;;-2
;00-00003007;Ручка левая;---;Без категории;;-1
;00-00003008;Ручка правая;---;Без категории;;-2
;00-00003009;Круг лепестковый абразивный;---;Без категории;;-3
;00-00003011;"Клин валочный пластик. 12""(30см)";---;Без категории;;-4
;00-00003017;Краскораспылитель аккумуляторный;---;Без категории;;-1
;00-00003018;Плиткорез электрический;---;Без категории;;-1
;00-00003019;Дальномер лазерный;---;Без категории;;-1
;00-00003020;Коронка алмазная;---;Без категории;;-1
;00-00003021;Шлифмашина;---;Без категории;;-1
;00-00003022;Виброплита;---;Без категории;;-1
;00-00003023;Барашек;---;Без категории;;-2
;00-00003025;Пассатижи 200 мм;---;Без категории;;-1
;00-00003026;Отвертка крестовая РH1x75 мм;---;Без категории;;-1
;00-00003028;Кожух подвижный в сборе;---;Без категории;;-1
;00-00003029;Шлифподошва;---;Без категории;;-1
;00-00003030;Лопата совковая;---;Без категории;;-1
;00-00003043;Патрон SDS-PLUS;---;Без категории;;-2
;00-00003046;Направляющая бокового выброса;---;Без категории;;-1
;00-00003054;Сверло ступенчатое по металлу 4-12 мм,;---;Без категории;;-1
;00-00003055;"Скважинный насос СНВ-3,5-90, винтовой, диаметр 3,5"", 700 Вт, 1500 л/ч, напор 90 м Сибртех";---;Без категории;;-1
;00-00003057;"Патрон сверлильный быстрозажимной GEPARD (GP0820-01) (1,5-13 мм, 1/2""-20UNF)";---;Без категории;;-1
;00-00003059;Кисть;---;Без категории;;-2
;00-00003062;Ротор WS1207;---;Без категории;;
;00-00003063;Щетки угольные к-т (2шт) WS1207;---;Без категории;;
;00-00003069;Диск отрезной по нержавеющей стали 230х22х1.8;---;Без категории;;-6
;00-00003073;Диск трехлопостной;---;Без категории;;-4
;00-00003074;Ремкомплект патрона;---;Без категории;;-1
;00-00000002;Ремонт бензоинструмента;---;РЕМОНТ УСЛУГИ;;
;00-00000006;Ремонт бензореза TS 800;---;РЕМОНТ УСЛУГИ;;
;00-00000010;Ремонт высотореза Husqvarna;---;РЕМОНТ УСЛУГИ;;
;00-00000061;Ремонт бензопилы Husqvarna 576;---;РЕМОНТ УСЛУГИ;;
;00-00000062;Ремонт бензопилы Husqvarna 372 №1101341509;---;РЕМОНТ УСЛУГИ;;
;00-00000063;Ремонт бензопилы Stihl MS250;---;РЕМОНТ УСЛУГИ;;
;00-00000075;Ремонт отбойного молотка Hitachi;---;РЕМОНТ УСЛУГИ;;
;00-00000076;Ремонт УШМ METABO;---;РЕМОНТ УСЛУГИ;;
;00-00000077;Ремонт бензопилы Stihl MS-361;---;РЕМОНТ УСЛУГИ;;
;00-00000078;Ремонт бензопилы Stihl MS180;---;РЕМОНТ УСЛУГИ;;
;00-00000082;Ремонт виброплиты;---;РЕМОНТ УСЛУГИ;;
;00-00000091;Ремонт бензогенератора ФУБАК БС5500 1101341511;---;РЕМОНТ УСЛУГИ;;
;00-00000092;Ремонт бензопилы Stihl MS 260;---;РЕМОНТ УСЛУГИ;;
;00-00000093;Ремонт бензопилы Husqvarna 450;---;РЕМОНТ УСЛУГИ;;
;00-00000094;Дефектация бензопилы Кратон;---;РЕМОНТ УСЛУГИ;;
;00-00000095;Дефектация воздуходувки;---;РЕМОНТ УСЛУГИ;;
;00-00000146;Ремонт УШМ Makita 9558;---;РЕМОНТ УСЛУГИ;;
;00-00000148;Ремонт бензореза Stihl TS400;---;РЕМОНТ УСЛУГИ;;
;00-00000149;Ремонт бензокосы AL-KO;---;РЕМОНТ УСЛУГИ;;
;00-00000210;Ремонт мотопомпы PG 950 T;---;РЕМОНТ УСЛУГИ;;
;00-00000218;Ремонт бензопилы Husqvarna 365 №1101341486;---;РЕМОНТ УСЛУГИ;;
;00-00000220;Ремонт воздуходувки Чемпион;---;РЕМОНТ УСЛУГИ;;
;00-00000232;Ремонт бензопилы Husqvarna 445;---;РЕМОНТ УСЛУГИ;;
;00-00000233;Ремонт бензопилы Husqvarna 345;---;РЕМОНТ УСЛУГИ;;
;00-00000266;Ремонт отбойного молотка Makita;---;РЕМОНТ УСЛУГИ;;
;00-00000267;Ремонт отбойного молотка Bosch;---;РЕМОНТ УСЛУГИ;;
;00-00000268;Ремонт УШМ Hammerflex;---;РЕМОНТ УСЛУГИ;;
;00-00000269;Ремонт бензопилы Oleo-Mac CS-35;---;РЕМОНТ УСЛУГИ;;
;00-00000279;Ремонт бензопилы Makita 4610;---;РЕМОНТ УСЛУГИ;;
;00-00000280;Ремонт газонокосилки Хускварна J-50;---;РЕМОНТ УСЛУГИ;;
;00-00000317;Ремонт бензокосы Oleo-Mac 25;---;РЕМОНТ УСЛУГИ;;
;00-00000319;Ремонт бензопилы Stihl MS 230;---;РЕМОНТ УСЛУГИ;;
;00-00000321;Ремонт бензопилы Husqvarna 562;---;РЕМОНТ УСЛУГИ;;
;00-00000383;Ремонт сетевого шуруповерта Диолд;---;РЕМОНТ УСЛУГИ;;
;00-00000384;Ремонт Husqvarna 323R №0072;---;РЕМОНТ УСЛУГИ;;
;00-00000389;Ремонт бензокосы Stihl FS-50С;---;РЕМОНТ УСЛУГИ;;
;00-00000390;Ремонт бензопилы Husqvarna 55  №2101380000085;---;РЕМОНТ УСЛУГИ;;
;00-00000391;Ремонт перфоратора Metabo №1101341484;---;РЕМОНТ УСЛУГИ;;
;00-00000393;Ремонт бензопилы Stihl MS 462  0101340011;---;РЕМОНТ УСЛУГИ;;
;00-00000394;Ремонт бензопилы Husqvarna;---;РЕМОНТ УСЛУГИ;;
;00-00000395;Ремонт бензокосы Husqvarna 128R;---;РЕМОНТ УСЛУГИ;;
;00-00000396;Ремонт бензокосы Echo SRM 2655;---;РЕМОНТ УСЛУГИ;;
;00-00000397;Ремонт перфоратора Makita 2440;---;РЕМОНТ УСЛУГИ;;
;00-00000398;Ремонт мотокосы DDE GB25RD;---;РЕМОНТ УСЛУГИ;;
;00-00000403;Ремонт шуруповерта Makita;---;РЕМОНТ УСЛУГИ;;
;00-00000406;Ремонт тримера Champion T-523;---;РЕМОНТ УСЛУГИ;;
;00-00000407;Ремонт бензокосы Stihl FS-250;---;РЕМОНТ УСЛУГИ;;
;00-00000408;Дефектация двигателя;---;РЕМОНТ УСЛУГИ;;
;00-00000410;Ремонт бензокосы Хускварна 143 R 410138000130;---;РЕМОНТ УСЛУГИ;;
;00-00000412;Ремонт мотокосы;---;РЕМОНТ УСЛУГИ;;-2
;00-00000418;Ремонт;---;РЕМОНТ УСЛУГИ;;
;00-00000451;Ремонт кустореза Stihl FS 450;---;РЕМОНТ УСЛУГИ;;
;00-00000452;Ремонт мотокосы ECHO SRM-22 GES;---;РЕМОНТ УСЛУГИ;;-1
;00-00000453;Ремонт перфоратора;---;РЕМОНТ УСЛУГИ;;
;00-00000457;Дефектация аккумуляторной дрели Makita DF347DWE;---;РЕМОНТ УСЛУГИ;;
;00-00000463;Ремонт бензопилы;---;РЕМОНТ УСЛУГИ;;
;00-00000473;Ремонт бензокосы Huaqvarna 143R №410136000129;---;РЕМОНТ УСЛУГИ;;
;00-00000474;Ремонт бензокосы Husqvarna 143R II № 1101341512;---;РЕМОНТ УСЛУГИ;;
;00-00000479;Ремонт УШМ Bosch;---;РЕМОНТ УСЛУГИ;;
;00-00000486;Ремонт бензокосы Stihl FS-130;---;РЕМОНТ УСЛУГИ;;
;00-00000487;Ремонт аккумуляторного шуруповерта BOSCH GSR 140 LI;---;РЕМОНТ УСЛУГИ;;
;00-00000489;Ремонт бензопилы Husqvarna 340;---;РЕМОНТ УСЛУГИ;;
;00-00000492;Ремонт бензореза Stihl TS420;---;РЕМОНТ УСЛУГИ;;
;00-00000502;Ремонт снегоотбрасывателя;---;РЕМОНТ УСЛУГИ;;
;00-00000505;Ремонт бензопилы Husqvarna 555;---;РЕМОНТ УСЛУГИ;;
;00-00000535;Ремонт отбойного молотка DeWalt;---;РЕМОНТ УСЛУГИ;;
;00-00000539;Ремонт УШМ Интерскол;---;РЕМОНТ УСЛУГИ;;
;00-00000545;Ремонт бензопилы Husqvarna 365 №11101341486;---;РЕМОНТ УСЛУГИ;;
;00-00000546;Ремонт бензопилы Husqvarna 372-XP №1101360098;---;РЕМОНТ УСЛУГИ;;
;00-00000547;Ремонт бензопилы Stihl MS 270;---;РЕМОНТ УСЛУГИ;;
;00-00000548;Ремонт бензопилы Husqvarna 372-XP №1101341497;---;РЕМОНТ УСЛУГИ;;
;00-00000550;Техническое обслуживание бензогенератора FUBAC 5500;---;РЕМОНТ УСЛУГИ;;
;00-00000552;Техническое обслуживание бензопилы MS-180;---;РЕМОНТ УСЛУГИ;;
;00-00000553;Техническое обслуживание бензокосы Husqvarna 128;---;РЕМОНТ УСЛУГИ;;
;00-00000556;Ремонт бензопилы Husqvarna 555;---;РЕМОНТ УСЛУГИ;;
;00-00000562;Техническое обслуживание бензопилы MS-361;---;РЕМОНТ УСЛУГИ;;
;00-00000563;Ремонт бензопилы EFCO MT-350;---;РЕМОНТ УСЛУГИ;;
;00-00000567;Ремонт бензоинструмента;---;РЕМОНТ УСЛУГИ;;
;00-00000570;Дефектация дрели;---;РЕМОНТ УСЛУГИ;;
;00-00000571;Техническое обслуживание отбойного молотка Makita;---;РЕМОНТ УСЛУГИ;;
;00-00000590;Ремонт УШМ MAKITA;---;РЕМОНТ УСЛУГИ;;
;00-00000598;Ремонт шуруповерта METABO;---;РЕМОНТ УСЛУГИ;;
;00-00000600;Ремонт отбойника Makita HR5001C;---;РЕМОНТ УСЛУГИ;;
;00-00000608;Ремонт травокосилки Husqvarna R-143 II;---;РЕМОНТ УСЛУГИ;;
;00-00000613;Ремонт бензокосы 128R;---;РЕМОНТ УСЛУГИ;;
;00-00000624;Ремонт мотоблока НЕВА;---;РЕМОНТ УСЛУГИ;;
;00-00000636;Ремонт двигателя;---;РЕМОНТ УСЛУГИ;;
;00-00000643;Ремонт УШМ Диолд;---;РЕМОНТ УСЛУГИ;;-2
;00-00000657;Ремонт электротримера;---;РЕМОНТ УСЛУГИ;;
;00-00000660;Ремонт шуруповерта Диолд;---;РЕМОНТ УСЛУГИ;;-4
;00-00000678;Ремонт УШМ;---;РЕМОНТ УСЛУГИ;;
;00-00000683;Ремонт газонокосилки ЧЕМПИОН 5131;---;РЕМОНТ УСЛУГИ;;
;00-00000687;Ремонт газонокосилки;---;РЕМОНТ УСЛУГИ;;-12
;00-00000691;Ремонт бензокосы;---;РЕМОНТ УСЛУГИ;;
;00-00000693;Ремонт культиватора;---;РЕМОНТ УСЛУГИ;;
;00-00000694;Ремонт кустореза Husqvarna 343;---;РЕМОНТ УСЛУГИ;;
;00-00000698;Ремонт бензопилы Husqvarna 372-XP №1101341508;---;РЕМОНТ УСЛУГИ;;
;00-00000699;Ремонт бензопилы Husqvarna 372-XP №11013414574;---;РЕМОНТ УСЛУГИ;;
;00-00000700;Ремонт бензопилы Husqvarna 372-XP №1101360954;---;РЕМОНТ УСЛУГИ;;
;00-00000714;Редуктор сцепления;---;РЕМОНТ УСЛУГИ;;-1
;00-00000715;Ремонт мотощетки STIHL MM-55;---;РЕМОНТ УСЛУГИ;;
;00-00000717;Набор бит НСН-6;---;РЕМОНТ УСЛУГИ;;
;00-00000723;Ремонт сабельной пилы Bosch 1100;---;РЕМОНТ УСЛУГИ;;
;00-00000726;Ремонт мотобура;---;РЕМОНТ УСЛУГИ;;
;00-00000733;Дефектация виброплиты MS-330-4;---;РЕМОНТ УСЛУГИ;;
;00-00000740;Регулировка карбюратора;---;РЕМОНТ УСЛУГИ;;-7
;00-00000746;Дефектация бензоинструмента;---;РЕМОНТ УСЛУГИ;;
;00-00000747;Ремонт перфоратора Хилти ТЕ-76 АТС;---;РЕМОНТ УСЛУГИ;;
;00-00000765;Ремонт бензореза SHINDAIWA CS-350;---;РЕМОНТ УСЛУГИ;;
;00-00000771;Ремонт бензокосы EFCO Stark 25;---;РЕМОНТ УСЛУГИ;;
;00-00000773;Ремонт бензокосы Huaqvarna 143R №410138000131;---;РЕМОНТ УСЛУГИ;;
;00-00000777;Ремонт электроинструмента;---;РЕМОНТ УСЛУГИ;;
;00-00000778;Ремонт бензокосы HITACHI CG31EBS;---;РЕМОНТ УСЛУГИ;;
;00-00000779;Ремонт бензокосы ALKO 4125;---;РЕМОНТ УСЛУГИ;;
;00-00000781;Техническое обслуживание бензокосы FS 55;---;РЕМОНТ УСЛУГИ;;
;00-00000782;Ремонт мотопомпы KOSHIN;---;РЕМОНТ УСЛУГИ;;
;00-00000796;Ремонт бензопилы Husqvarna 450;---;РЕМОНТ УСЛУГИ;;
;00-00000797;Ремонт бензопилы  Husqvarna 254;---;РЕМОНТ УСЛУГИ;;
;00-00000798;Ремонт шуруповерта BOSCH;---;РЕМОНТ УСЛУГИ;;
;00-00000804;Ремонт мотоблока;---;РЕМОНТ УСЛУГИ;;
;00-00000815;Ремонт стартера;---;РЕМОНТ УСЛУГИ;;-11
;00-00000816;Ремонт УШМ Bosch 22-230;---;РЕМОНТ УСЛУГИ;;-5
;00-00000818;Ремонт бензопилы Husqvarna 445;---;РЕМОНТ УСЛУГИ;;
;00-00000819;Ремонт бензопилы Stihl MS 280;---;РЕМОНТ УСЛУГИ;;
;00-00000822;Ремонт бензопилы STIHL 192T;---;РЕМОНТ УСЛУГИ;;
;00-00000826;Ремонт воздуходувного устройства;---;РЕМОНТ УСЛУГИ;;
;00-00000827;Ремонт бензокосы Husqvarna 143R II №410136000129;---;РЕМОНТ УСЛУГИ;;
;00-00000828;Ремонт бензокосы Husqvarna 143R №410136000129;---;РЕМОНТ УСЛУГИ;;
;00-00000829;Ремонт бензокосы Husqvarna 143R II № 410136000130;---;РЕМОНТ УСЛУГИ;;
;00-00000831;Ремонт рубанка;---;РЕМОНТ УСЛУГИ;;
;00-00000836;Ремонт дисковой пилы;---;РЕМОНТ УСЛУГИ;;-6
;00-00000839;Ремонт снегоотбрасывателя CHAMPION 656;---;РЕМОНТ УСЛУГИ;;
;00-00000845;Ремонт  шуруповерта ДИОЛД;---;РЕМОНТ УСЛУГИ;;
;00-00000846;Ремонт перфоратора Hitachi;---;РЕМОНТ УСЛУГИ;;
;00-00000847;Ремонт эл. дрели Макита;---;РЕМОНТ УСЛУГИ;;-3
;00-00000871;Ремонт бензопилы Stihl MS 260 № 1101360952;---;РЕМОНТ УСЛУГИ;;
;00-00000872;Ремонт бензопилы Husqvarna 372 № 1101360961;---;РЕМОНТ УСЛУГИ;;-1
;00-00000873;Ремонт бензобура Elitech №1101341511;---;РЕМОНТ УСЛУГИ;;
;00-00000874;Ремонт бензопилы Husqvarna 372 № 1101360962;---;РЕМОНТ УСЛУГИ;;
;00-00000876;Ремонт бензопилы EFCO 165 HD;---;РЕМОНТ УСЛУГИ;;
;00-00000878;"Ремонт бензопилы 1.8kWt 16"" Oleo-Mac 941СХ";---;РЕМОНТ УСЛУГИ;;
;00-00000879;Ремонт бензотриммера;---;РЕМОНТ УСЛУГИ;;
;00-00000881;Ремонт генератора FUBAC;---;РЕМОНТ УСЛУГИ;;
;00-00000885;Ремонт генератора;---;РЕМОНТ УСЛУГИ;;-3
;00-00000896;Ремонт снегоочистителя;---;РЕМОНТ УСЛУГИ;;-2
;00-00000911;Ремонт бензопилы Husqvarna 254;---;РЕМОНТ УСЛУГИ;;
;00-00000912;Ремонт бензопилы Husqvarna 440;---;РЕМОНТ УСЛУГИ;;
;00-00000913;заклепка цепи;---;РЕМОНТ УСЛУГИ;;-4
;00-00000916;Ремонт перфоратора BOSCH;---;РЕМОНТ УСЛУГИ;;
;00-00000966;Ремонт перфоратора Bosch;---;РЕМОНТ УСЛУГИ;;
;00-00000969;Дефектация вибратора  ЭПК-1300/51;---;РЕМОНТ УСЛУГИ;;
;00-00000990;Ремонт шуруповерта BOSCH;---;РЕМОНТ УСЛУГИ;;
;00-00000994;Ремонт бензокосы Echo SRM 22 GES;---;РЕМОНТ УСЛУГИ;;
;00-00000995;Ремонт газонокосилки J50;---;РЕМОНТ УСЛУГИ;;
;00-00000997;Ремонт бензокосы Stihl FS-55;---;РЕМОНТ УСЛУГИ;;
;00-00001008;Ремонт краскопульта;---;РЕМОНТ УСЛУГИ;;
;00-00001015;Ремонт бензопилы Husqvarna 450;---;РЕМОНТ УСЛУГИ;;
;00-00001016;Ремонт бензопилы Husqvarna 450;---;РЕМОНТ УСЛУГИ;;
;00-00001025;Дефектация триммера Partner Colibri-2;---;РЕМОНТ УСЛУГИ;;
;00-00001033;Услуги по ремонту;---;РЕМОНТ УСЛУГИ;;
;00-00001039;Ремонт бензокосы Н-323 R;---;РЕМОНТ УСЛУГИ;;
;00-00001043;Ремонт бензокосы Oleo-Mac Sparta-37;---;РЕМОНТ УСЛУГИ;;
;00-00001047;Ремонт бензокосы Oleo-Mac Sparta-38;---;РЕМОНТ УСЛУГИ;;
;00-00001048;Ремонт бензокосы Stihl FS 450;---;РЕМОНТ УСЛУГИ;;
;00-00001057;Ремонт бензокосы Oleo-Mac Sparta-25;---;РЕМОНТ УСЛУГИ;;
;00-00001069;Ремонт мотоблока;---;РЕМОНТ УСЛУГИ;;-2
;00-00001073;Ремонт бензопилы Husqvarna 372-XP №1101360961;---;РЕМОНТ УСЛУГИ;;
;00-00001074;Ремонт бензопилы Husqvarna 372-XP №1101341525;---;РЕМОНТ УСЛУГИ;;
;00-00001075;Ремонт бензопилы Husqvarna 372-XP №1101341524;---;РЕМОНТ УСЛУГИ;;
;00-00001076;Дефектация электроинструмента;---;РЕМОНТ УСЛУГИ;;-69
;00-00001077;Ремонт виброплиты;---;РЕМОНТ УСЛУГИ;;-4
;00-00001081;Ремонт бензопилы ECHO CS-550;---;РЕМОНТ УСЛУГИ;;
;00-00001085;Ремонт бензокосы Husqvarna 122 LD;---;РЕМОНТ УСЛУГИ;;
;00-00001095;Ремонт дисковой пилы Штурм;---;РЕМОНТ УСЛУГИ;;-1
;00-00001096;Ремонт бензокосы Shindaiwa;---;РЕМОНТ УСЛУГИ;;
;00-00001097;Ремонт бетоносмесителя СБР-220-01;---;РЕМОНТ УСЛУГИ;;
;00-00001098;Ремонт компресора  СБ4/С-100.;---;РЕМОНТ УСЛУГИ;;
;00-00001118;Ремонт МШУ Диолд 1,5-180;---;РЕМОНТ УСЛУГИ;;
;00-00001168;Ремонт газонокосилки Husqvarna 5 л.с. №410136000126;---;РЕМОНТ УСЛУГИ;;
;00-00001169;Ремонт газонокосилки Husqvarna 5 л.с. №410136000128;---;РЕМОНТ УСЛУГИ;;
;00-00001170;Ремонт газонокосилки Husqvarna 5 л.с. №410136000127;---;РЕМОНТ УСЛУГИ;;
;00-00001171;Ремонт газонокосилки Husqvarna 5 л.с. №410136000126;---;РЕМОНТ УСЛУГИ;;
;00-00001183;Ремонт генератора;---;РЕМОНТ УСЛУГИ;;-10
;00-00001185;Дефектация бензопилы Stihl MS180;---;РЕМОНТ УСЛУГИ;;
;00-00001187;Дефектация виброплиты;---;РЕМОНТ УСЛУГИ;;
;00-00001190;Дефектация Дрель Диолд ДЭА-18 ЛИ-07;---;РЕМОНТ УСЛУГИ;;
;00-00001191;Дефектация Эл.дрели Зубр-780 ЭРКМ2;---;РЕМОНТ УСЛУГИ;;
;00-00001195;Дефектация инверторного сварочного аппарата ARC 220;---;РЕМОНТ УСЛУГИ;;
;00-00001198;Дефектация  сварочного аппарата  Panter;---;РЕМОНТ УСЛУГИ;;
;00-00001206;Дефектация отбойного молотка Makita HM1203C;---;РЕМОНТ УСЛУГИ;;
;00-00001207;Ремонт перфоратора Bosch GBH 240;---;РЕМОНТ УСЛУГИ;;
;00-00001208;Дефектация перфоратора Bosch GBH 2-26 DFR;---;РЕМОНТ УСЛУГИ;;
;00-00001209;Дефектация пилы дисковой Makita HS7601K;---;РЕМОНТ УСЛУГИ;;
;00-00001212;Дефектация электроинструмента;---;РЕМОНТ УСЛУГИ;;
;00-00001213;Дефектация эл.конвектора ОК-1600;---;РЕМОНТ УСЛУГИ;;
;00-00001225;Ремонт бензопилы Husqvarna 372-XP №1101341523;---;РЕМОНТ УСЛУГИ;;
;00-00001226;Ремонт бензокосы Huaqvarna 323R №0072;---;РЕМОНТ УСЛУГИ;;
;00-00001229;Ремонт воздуходувки Штиль;---;РЕМОНТ УСЛУГИ;;
;00-00001232;Ремонт мотопомпы грязевой Fubag PG950T;---;РЕМОНТ УСЛУГИ;;
;00-00001239;Ремонт цепи;---;РЕМОНТ УСЛУГИ;;
;00-00001242;Дефектация УШМ Bosch 230;---;РЕМОНТ УСЛУГИ;;
;00-00001251;Ремонт бензореза Stihl TS420;---;РЕМОНТ УСЛУГИ;;
;00-00001288;Ремонт бензогенератора Grost LIFAN;---;РЕМОНТ УСЛУГИ;;
;00-00001301;Дефектация бензо-электро инструмента;---;РЕМОНТ УСЛУГИ;;
;00-00001303;Ремонт отбойного молотка № 1101341473;---;РЕМОНТ УСЛУГИ;;
;00-00001311;Ремонт шлифовальной машины;---;РЕМОНТ УСЛУГИ;;
;00-00001312;Ремонт бензопилы Husqvarna 440;---;РЕМОНТ УСЛУГИ;;
;00-00001313;Ремонт воздуходувки Чемпион GBV 326 S;---;РЕМОНТ УСЛУГИ;;
;00-00001339;Ремонт бензокосы Шиндайва;---;РЕМОНТ УСЛУГИ;;-2
;00-00001354;Ремонт мотокосы Oleo-Mac Sparta-38;---;РЕМОНТ УСЛУГИ;;
;00-00001355;Ремонт газонокосилки Husqvarna LC 348;---;РЕМОНТ УСЛУГИ;;
;00-00001379;Ремонт бензопилы Husqvarna 372-XP №1101360955;---;РЕМОНТ УСЛУГИ;;
;00-00001380;Ремонт бензопилы Husqvarna 372-XP №1101341529;---;РЕМОНТ УСЛУГИ;;
;00-00001382;Ремонт мотокосы Husqvarna R143 №0071;---;РЕМОНТ УСЛУГИ;;
;00-00001383;Ремонт УШМ Bosch №1101360958;---;РЕМОНТ УСЛУГИ;;
;00-00001384;Ремонт компрессора Zeus №1101360926;---;РЕМОНТ УСЛУГИ;;
;00-00001398;Ремонт бензокосы Husqvarna 128R;---;РЕМОНТ УСЛУГИ;;
;00-00001399;Ремонт бензокос Husqvarna 323R;---;РЕМОНТ УСЛУГИ;;
;00-00001491;Ремонт кустореза Husqvarna 545FX;---;РЕМОНТ УСЛУГИ;;
;00-00001493;Ремонт бензогенератора FG6000 Champion;---;РЕМОНТ УСЛУГИ;;
;00-00001513;Ремонт перфоратора HILTI;---;РЕМОНТ УСЛУГИ;;-1
;00-00001516;Ремонт шуруповерта №1101341519;---;РЕМОНТ УСЛУГИ;;
;00-00001517;Ремонт УШМ Bosch №1101341532;---;РЕМОНТ УСЛУГИ;;
;00-00001518;Ремонт дрели аккумуляторной  Bosch GSR12-2 №1101341534;---;РЕМОНТ УСЛУГИ;;
;00-00001519;Ремонт аккумуляторной дрели-шуруповерт №1101341519;---;РЕМОНТ УСЛУГИ;;
;00-00001520;Ремонт дрели аккумуляторной №41013600134;---;РЕМОНТ УСЛУГИ;;
;00-00001521;Ремонт мотокосы Husqvarna R143 № 410138000130;---;РЕМОНТ УСЛУГИ;;
;00-00001522;Ремонт бензореза TS 800 №1101341536;---;РЕМОНТ УСЛУГИ;;
;00-00001523;Ремонт бензокосы Huaqvarna 323R №0072;---;РЕМОНТ УСЛУГИ;;
;00-00001524;Ремонт бензопилы Husqvarna 372-XP №1101360961;---;РЕМОНТ УСЛУГИ;;
;00-00001526;Ремонт монтажной пилы;---;РЕМОНТ УСЛУГИ;;
;00-00001533;Ремонт бензогенератора Eisemann;---;РЕМОНТ УСЛУГИ;;
;00-00001545;Ремонт бензопилы Stihl MS 260;---;РЕМОНТ УСЛУГИ;;
;00-00001550;Ремонт бензокосы Echo 350 ES;---;РЕМОНТ УСЛУГИ;;
;00-00001581;Дефектация мотблока Салют 5ДК;---;РЕМОНТ УСЛУГИ;;-1
;00-00001587;Ремонт бензопилы Husqvarna 372 № 1101360962;---;РЕМОНТ УСЛУГИ;;
;00-00001588;Ремонт бензопилы Husqvarna 372 № 1101341523;---;РЕМОНТ УСЛУГИ;;
;00-00001589;Ремонт бензопилы Husqvarna 372 № 1101341525;---;РЕМОНТ УСЛУГИ;;
;00-00001594;Техническое обслуживание бензопилы MS-260;---;РЕМОНТ УСЛУГИ;;
;00-00001605;Ремонт шуруповерта Makita 6281D;---;РЕМОНТ УСЛУГИ;;-1
;00-00001648;Ремонт Холодильника Hansa FK инвертарный № ВА0000000167;---;РЕМОНТ УСЛУГИ;;
;00-00001669;Ремонт угловой шлифовальной машины Metabo № 1101341482;---;РЕМОНТ УСЛУГИ;;
;00-00001670;Ремонт угловой шлифовальной машины Bosch № 1101360958;---;РЕМОНТ УСЛУГИ;;
;00-00001671;Ремонт угловой шлифовальной машины Bosch;---;РЕМОНТ УСЛУГИ;;
;00-00001672;Ремонт измельчителя пней SABLE №1101341526;---;РЕМОНТ УСЛУГИ;;
;00-00001673;Ремонт минитрактора ХУСКВАРНА LT151;---;РЕМОНТ УСЛУГИ;;-1
;00-00001674;Ремонт бензокосы Shindaiwa C350;---;РЕМОНТ УСЛУГИ;;
;00-00001675;Ремонт бензогенератора ELITECH СГБ 8000;---;РЕМОНТ УСЛУГИ;;
;00-00001676;Ремонт аккумуляторной ушм Makita BGA 452;---;РЕМОНТ УСЛУГИ;;
;00-00001701;Ремонт карбюратора;---;РЕМОНТ УСЛУГИ;;
;00-00001781;Ремонт лобзика;---;РЕМОНТ УСЛУГИ;;
;00-00001838;Ремонт бензокосы Echo SRM 2655;---;РЕМОНТ УСЛУГИ;;-1
;00-00001855;Ремонт травокосилки Н-R143-2;---;РЕМОНТ УСЛУГИ;;
;00-00001856;Ремонт бензопилы Oleo Mac 941CX;---;РЕМОНТ УСЛУГИ;;
;00-00001861;Ремонт УШМ Bosch GWS 9-125;---;РЕМОНТ УСЛУГИ;;
;00-00001862;Ремонт Ушм Metado W18LTXBL №101340027;---;РЕМОНТ УСЛУГИ;;
;00-00001864;Ремонт трактора Husqvarna CTH 126 №4101380000140;---;РЕМОНТ УСЛУГИ;;
;00-00001865;Ремонт трактора Husqvarna CTH 126 №4101380000136;---;РЕМОНТ УСЛУГИ;;
;00-00001869;Ремонт трактора Husqvarna CTH 126 №4101380000136;---;РЕМОНТ УСЛУГИ;;
;00-00001870;Ремонт УШМ Bosch GWS 9-125S №0101340012;---;РЕМОНТ УСЛУГИ;;
;00-00001894;Ремонт световой башни;---;РЕМОНТ УСЛУГИ;;
;00-00001904;Ремонт снегоотбрасывателя Honda;---;РЕМОНТ УСЛУГИ;;
;00-00001929;Ремонт бензопилы Husqvarna 372 № 1101360961;---;РЕМОНТ УСЛУГИ;;
;00-00001930;Ремонт высотореза STIHL HT56 №1101360956;---;РЕМОНТ УСЛУГИ;;
;00-00001932;Ремонт бензопилы MS 280;---;РЕМОНТ УСЛУГИ;;
;00-00001933;Ремонт перфоратора BOSCH 0 611 238 672 G-BH 2-24 DFR;---;РЕМОНТ УСЛУГИ;;
;00-00001941;Ремонт шуруповерта Makita DDF 482;---;РЕМОНТ УСЛУГИ;;
;00-00001942;Ремонт шуруповерта Makita DDF 453;---;РЕМОНТ УСЛУГИ;;
;00-00001946;Ремонт бензопилы Husqvarna 372-XP №0101340001;---;РЕМОНТ УСЛУГИ;;
;00-00001947;Ремонт бензогенератора Fubag 5500 №1101341511;---;РЕМОНТ УСЛУГИ;;
;00-00001948;Ремонт бензобура Elitech БМ 70В № 1101341518;---;РЕМОНТ УСЛУГИ;;
;00-00001951;Ремонт бензопилы MS 180;---;РЕМОНТ УСЛУГИ;;
;00-00001952;Ремонт бензопилы MS 250;---;РЕМОНТ УСЛУГИ;;
;00-00001969;Ремонт бензопилы Husqvarna 372 № 1101341524;---;РЕМОНТ УСЛУГИ;;
;00-00001970;Ремонт перфоратора Metabo;---;РЕМОНТ УСЛУГИ;;
;00-00001971;Ремонт бензогенератора Champion;---;РЕМОНТ УСЛУГИ;;
;00-00001972;Ремонт бензопилы MS 361;---;РЕМОНТ УСЛУГИ;;
;00-00001973;Ремонт бензопилы MS 361;---;РЕМОНТ УСЛУГИ;;
;00-00001974;Ремонт бензокосы FS 450;---;РЕМОНТ УСЛУГИ;;
;00-00002010;Ремонт бензокосы DDE;---;РЕМОНТ УСЛУГИ;;
;00-00002016;Ремонт сабельной пилы;---;РЕМОНТ УСЛУГИ;;
;00-00002032;Ремонт бензогенератора DDE;---;РЕМОНТ УСЛУГИ;;
;00-00002033;Ремонт бензогенератора;---;РЕМОНТ УСЛУГИ;;
;00-00002055;Ремонт бензобура ЧЕМПИОН;---;РЕМОНТ УСЛУГИ;;-3
;00-00002063;Ремонт опрыскивателя Champion PS-257;---;РЕМОНТ УСЛУГИ;;
;00-00002065;Ремонт бензопилы Husqvarna 372 №1101341529;---;РЕМОНТ УСЛУГИ;;
;00-00002066;Ремонт бензопилы Husqvarna 372 №1101341510;---;РЕМОНТ УСЛУГИ;;
;00-00002092;Ремонт мотокультиватора;---;РЕМОНТ УСЛУГИ;;-1
;00-00002116;Ремонт УШМ 125мм. Metabo W820-125 инв.№34142947121005;---;РЕМОНТ УСЛУГИ;;
;00-00002138;Дефектация сушильного шкафа;---;РЕМОНТ УСЛУГИ;;
;00-00002277;Ремонт УШМ Makita;---;РЕМОНТ УСЛУГИ;;
;00-00002278;Ремонт УШМ Makita BGA 452;---;РЕМОНТ УСЛУГИ;;
;00-00002279;Ремонт бензопилы Husqvarna 240;---;РЕМОНТ УСЛУГИ;;
;00-00002280;Ремонт дисковой пилы Зубр;---;РЕМОНТ УСЛУГИ;;
;00-00002281;Ремонт бензокосы Stihl FS-120;---;РЕМОНТ УСЛУГИ;;
;00-00002282;Ремонт шуруповерта DeWalt;---;РЕМОНТ УСЛУГИ;;
;00-00002283;Ремонт бензопилы Husqvarna 450 II;---;РЕМОНТ УСЛУГИ;;
;00-00002284;Ремонт бензопилы Husqvarna 445 II;---;РЕМОНТ УСЛУГИ;;
;00-00002286;Ремонт миксера;---;РЕМОНТ УСЛУГИ;;
;00-00002337;Ремонт УШМ Makita 9020;---;РЕМОНТ УСЛУГИ;;
;00-00002344;Ремонт бензокосы Husqvarna 545 FX;---;РЕМОНТ УСЛУГИ;;
;00-00002380;Ремонт бензопилы STIHL MS 462 № 01013411;---;РЕМОНТ УСЛУГИ;;
;00-00002381;Ремонт бензопилы STIHL MS 462 № 0101340028;---;РЕМОНТ УСЛУГИ;;
;00-00002383;Ремонт бензопилы STIHL MS 462 № 0101340029;---;РЕМОНТ УСЛУГИ;;
;00-00002392;Ремонт УШМ Makita GA 9050;---;РЕМОНТ УСЛУГИ;;
;00-00002470;Регулировка карбюратора;---;РЕМОНТ УСЛУГИ;;
;00-00002478;Ремонт бензокосы FS 120;---;РЕМОНТ УСЛУГИ;;
;00-00002479;Ремонт бензокосы Champion;---;РЕМОНТ УСЛУГИ;;
;00-00002480;Ремонт бензопилы Stihl MS 180;---;РЕМОНТ УСЛУГИ;;
;00-00002484;Ремонт бензопилы Husqvarna 372 № 1101341530;---;РЕМОНТ УСЛУГИ;;
;00-00002485;Ремонт мотокосы Husqvarna 323R № 0072;---;РЕМОНТ УСЛУГИ;;
;00-00002486;Ремонт бензокосы Husqvarna 143R №410138000129;---;РЕМОНТ УСЛУГИ;;
;00-00002501;Ремонт шуруповерта Диолд ДЭА-20Л-08;---;РЕМОНТ УСЛУГИ;;
;00-00002502;Ремонт перфоратора Диолд ПРЭГ-28-01;---;РЕМОНТ УСЛУГИ;;
;00-00002503;Ремонт МШУ-1,2-03 Диолд;---;РЕМОНТ УСЛУГИ;;
;00-00002542;Ремонт перфоратора Elitech;---;РЕМОНТ УСЛУГИ;;
;00-00002543;Ремонт миксера Elitech;---;РЕМОНТ УСЛУГИ;;
;00-00002544;Ремонт бензопилы Stihl MS 250;---;РЕМОНТ УСЛУГИ;;
;00-00002545;Ремонт бензопилы Stihl MS 361;---;РЕМОНТ УСЛУГИ;;
;00-00002549;Ремонт перфоратора Makita;---;РЕМОНТ УСЛУГИ;;
;00-00002551;Ремонт компрессора 420л.СБ4/С 41013600001;---;РЕМОНТ УСЛУГИ;;
;00-00002603;Ремонт бензопилы Efco CG 35;---;РЕМОНТ УСЛУГИ;;
;00-00002745;Ремонт бензокосы Stihl FS 350;---;РЕМОНТ УСЛУГИ;;
;00-00002783;Дефектация бензокосы STIHL FS250;---;РЕМОНТ УСЛУГИ;;
;00-00002799;Ремонт электродрели EDON;---;РЕМОНТ УСЛУГИ;;
;00-00002931;Ремонт шовонарезчика;---;РЕМОНТ УСЛУГИ;;-1
;00-00002933;Ремонт мотопомпы;---;РЕМОНТ УСЛУГИ;;
;00-00002994;Ремонт бензопилы STIHL MS 462 № 0101340036;---;РЕМОНТ УСЛУГИ;;
;00-00002995;Ремонт бензопилы Husqvarna 365 № 0101340077;---;РЕМОНТ УСЛУГИ;;
;00-00002996;Ремонт бензокосы Husqvarna 143R  № 410136000130;---;РЕМОНТ УСЛУГИ;;
;00-00002997;Ремонт бензокосы Husqvarna 143R  № 410136000130;---;РЕМОНТ УСЛУГИ;;
;00-00003001;Ремонт аккумуляторного инструмента;---;РЕМОНТ УСЛУГИ;;-4
;00-00003032;Ремонт бензокосы Husqvarna 143R №1101341531;---;РЕМОНТ УСЛУГИ;;
;00-00003033;Ремонт бензокосы Champion T 444S-2 № 101340088;---;РЕМОНТ УСЛУГИ;;
;00-00003034;Ремонт бензокосы Champion T 444S-2 № 101340081;---;РЕМОНТ УСЛУГИ;;
;00-00003035;Ремонт газонокосилки Champion LM 5345 № 101340087;---;РЕМОНТ УСЛУГИ;;
;00-00003036;Ремонт бензопилы Stihl MS 462 № 010113428;---;РЕМОНТ УСЛУГИ;;
;00-00003064;Ремонт бензобура;---;РЕМОНТ УСЛУГИ;;
;00-00000005;Хомуты стяжные 200*3,6;---;Запасные части;;-2
;00-00000039;Чашка сцепления Husqvarna 445-450;---;Запасные части;;
;00-00000040;Набор цеп. колеса Stihl MS-180;---;Запасные части;;
;00-00000041;Чашка сцепления Husqvarna 340-450;---;Запасные части;;-1
;00-00000057;Выключатель для УШМ;---;Запасные части;;-10
;00-00000059;Прокладка цилиндра MAKITA DCS 34;---;Запасные части;;-2
;00-00000060;Сальник  MAKITA DCS 34 12*20*5;---;Запасные части;;-3
;00-00000072;Набор шина14 + 2 цепи;---;Запасные части;;-1
;00-00000096;Кольцо фрикционное;---;Запасные части;;
;00-00000107;Амортизатор Р351 нижний;---;Запасные части;;-1
;00-00000111;Якорь HITACHI;---;Запасные части;;
;00-00000141;Стопор переключателя;---;Запасные части;;
;00-00000144;Якорь MAKITA 4001;---;Запасные части;;-2
;00-00000147;Чашка сцепления MS-180-250;---;Запасные части;;-5
;00-00000184;Набор цеп. колеса Stihl MS-361;---;Запасные части;;1
;00-00000200;Прокладка головки цилиндра GG6500/6500Е;---;Запасные части;;
;00-00000201;Прокладка крышки картера GG7000/7200/7500;---;Запасные части;;
;00-00000219;Чашка сцепления Husqvarna 365;---;Запасные части;;-2
3251-3900-9002;00-00000347;Прокладка головки цилиндра DDУ 70 мм;---;Запасные части;;
;00-00000543;Амортизатор Husqvarna 365;---;Запасные части;;-1
;00-00000670;Собачка стартера FS-450;---;Запасные части;;-6
;00-00000671;Редуктор для мотокосы;---;Запасные части;;-4
;00-00000730;Фильтр воздушный BR-500;---;Запасные части;;-1
;00-00000899;Замок зажигания для 4х-тактн.двигателя;---;Запасные части;;-1
;00-00001078;Выключатель Диолд МЭФ-1,25;---;Запасные части;;-2
;00-00001105;Амортизатор мотокосы;---;Запасные части;;
;00-00001319;Поршневая группа Штиль 180;---;Запасные части;;-3
;00-00001378;Стартер для мотокосы;---;Запасные части;;-7
;00-00001407;Фильтр топливный;---;Запасные части;;-18
;00-00001423;Ручка газа в сборе;---;Запасные части;;-2
;00-00001536;Поршневая группа 26см3;---;Запасные части;;-7
;00-00001564;Якорь для перфоратора;---;Запасные части;;-1
;00-00001666;Крышка сцепления;---;Запасные части;;
;00-00001677;Фильтр воздушный;---;Запасные части;;-14
;00-00001729;Корпус сцепления;---;Запасные части;;-7
;00-00001734;Храповик для мотокос;---;Запасные части;;-5
;00-00001766;Поршень 43 см3;---;Запасные части;;-1
;00-00001794;Набор прокладок 33см3;---;Запасные части;;-7
;00-00001798;Фильтр воздушный;---;Запасные части;;-3
;00-00001808;Прокладка цилиндра;---;Запасные части;;-1
;00-00001809;Фильтр воздушный в сборе;---;Запасные части;;-1
;00-00001813;Запасные части для мотокосы Хитачи;---;Запасные части;;-1
;00-00001816;Рем. комплект стартера;---;Запасные части;;-1
;00-00001848;Ведущий вал Fs-38,36, Fse-60,71,81,Те-600,700,1000¶;---;Запасные части;;-1
;00-00001890;Якорь Makita 9565H;---;Запасные части;;-1
;00-00001928;Филтр воздушный Хонда 160;---;Запасные части;;-4
;00-00001935;Ручка газа в сборе;---;Запасные части;;-1
;00-00001987;Кольцо поршневое ECHO 22;---;Запасные части;;-3
;00-00001993;Ротор ПРЭ-5 ДИОЛД;---;Запасные части;;-1
;00-00002030;Поршневая группа ECHO 22;---;Запасные части;;-3
;00-00002064;Ролик для лобзика;---;Запасные части;;-3
;00-00002076;Якорь;---;Запасные части;;-3
;00-00002080;Редуктор для ЭШ-0,6 Диолд;---;Запасные части;;-1
;00-00002106;Выключатель для двигателя;---;Запасные части;;-3
;00-00002108;Амортизатор комплект;---;Запасные части;;-3
;00-00002124;МПШ-0.25 Платформа в сборе (п.21;---;Запасные части;;-1
;00-00002163;Амортизатор;---;Запасные части;;-9
;00-00002375;Болт крепления сцепления;---;Запасные части;;-2
;00-00002600;Нагревательный эл-нт для термофен ДИОЛД;---;Запасные части;;-1
;00-00002699;Защита топливного бака;---;Запасные части;;-1
;00-00000009;Услуга доступа к сети передачи данных;---;Услуги по поставщикам;;
;00-00000047;Услуги по договору №150609 от 01.06.2016 уход за коврами;---;Услуги по поставщикам;;
;00-00000048;Услуги охраны;---;Услуги по поставщикам;;
;00-00000049;Техэническое обслуживание ККМ Меркурий 130К;---;Услуги по поставщикам;;
;00-00000050;Арендная плата постоянная составляющая;---;Услуги по поставщикам;;
;00-00000051;Арендная плата переменная составляющая;---;Услуги по поставщикам;;
;00-00000124;Замена подписи ЭЦП;---;Услуги по поставщикам;;
;00-00000125;Лицензия Крипто Про 4.0;---;Услуги по поставщикам;;
;00-00000259;Касса Онлайн (1год);---;Услуги по поставщикам;;
;00-00000775;Дизайн макета;---;Услуги по поставщикам;;
;00-00000807;КАСКО;---;Услуги по поставщикам;;
;00-00000875;Услуги лизинга;---;Услуги по поставщикам;;
;00-00001152;Дримкас подписка;---;Услуги по поставщикам;;
;00-00001867;Права использования сбис;---;Услуги по поставщикам;;
;00-00000015;Масло И-20 1л.;---;Масло;;
;00-00000016;Масло М8В 1л.;---;Масло;;-123
;00-00000032;Масло Stihl 2-х тактн.1л.;---;Масло;;-322
;00-00000033;Масло Stihl 2-х такт. 0,1л.;---;Масло;;-13
;00-00000037;Смазка наконечника шины;---;Масло;;-14
;00-00000070;Смазка редуктора бензокосы;---;Масло;;-50
;00-00000126;Смазка универсальная;---;Масло;;-14
;00-00000131;Масло DDE 2-тактное полусинтетическое, 1 л, красное, стандарт API TС;---;Масло;;-204
;00-00000132;Масло 2-х тактное 100 мл красное DDE;---;Масло;;-20
;00-00000133;Масло 2-х тактное 1л MANNOL;---;Масло;;-15
;00-00000134;Масло 4-х тактное 1л  зимнее;---;Масло;;-78
M-SAE30;00-00000275;Масло 4-х тактное SAE30 DDE , API SJ/CF ( 1л ) минеральное;---;Масло;;-173
;00-00000290;Масло 4-х тактное зимнее B&S ,1 л;---;Масло;;5
;00-00000312;Присадка к топливу Husqvarna 1,0 л.;---;Масло;;-2
;00-00000361;Масло 4-х тактное SAE30 B&S ,0,6 л;---;Масло;;-90
;00-00000497;Масло STIHL 0.1л;---;Масло;;-18
;00-00000499;Масло STIHL 5л;---;Масло;;-2
;00-00000529;Масло И-20 5л.;---;Масло;;
;00-00000530;Масло М8В 5л.;---;Масло;;-2
;00-00000585;Масло STIHL 10л;---;Масло;;-2
;00-00000591;Масло 0,1л.;---;Масло;;-276
;00-00000644;Масло 2-х тактн. Husqvarna;---;Масло;;-9
;00-00000645;Масло 2-тактн.Statoil;---;Масло;;-2
;00-00000661;Масло STIHL 5л;---;Масло;;-1
;00-00000666;Масло 2х тактн.1л;---;Масло;;-552
;00-00000668;Масло STIHL 10л;---;Масло;;-2
;00-00000672;Масло DDE для смазки цепей минеральное, 1 л;---;Масло;;-410
;00-00000888;Масло SAE-30 1л;---;Масло;;
;00-00000902;Масло Oregon SAE 10W-40;---;Масло;;-2
;00-00000954;Масло цепное;---;Масло;;-33
;00-00001060;Масло Echo;---;Масло;;-5
;00-00001066;Масло Champion 2-х тактное;---;Масло;;-2
;00-00001129;Масло цепное 1л.;---;Масло;;-13
;00-00001227;Масло Stihl 2-х тактн.0,1л.;---;Масло;;-9
;00-00001326;Масло компрессорное Фубаг 1л;---;Масло;;-1
;00-00001362;Масло 2-х тактн. Champion;---;Масло;;-3
;00-00001466;Масло STIHL 2-х такт. 5л;---;Масло;;
;00-00001661;Масло трансмиссионное 80W90;---;Масло;;-3
;00-00001728;Масло 0,6л 2-х тактн.;---;Масло;;-47
;00-00001905;Масло трансмиссионное гидростатическое Honda HST OIL;---;Масло;;-1
;00-00001906;Масло зимнее Briggs & Stratton SAE 5W-30 1,0 л;---;Масло;;-1
;00-00001960;Масло Rancher LUBRILITE цепное;---;Масло;;-551
;00-00002001;Масло REZOIL COMPRESSOR VG-100;---;Масло;;-1
;00-00002042;Масло 2-х тактн. полусинтетика;---;Масло;;-154
;00-00002128;Масло компрессорное Rezoil VG-100;---;Масло;;
;00-00002310;Масло 2х тактнное;---;Масло;;
;00-00002311;Масло для двухтактных двигателей;---;Масло;;-157
;00-00002312;Масло для смазки пильной цепи;---;Масло;;-188
;00-00002590;Масло цепное UFO 1л.;---;Масло;;-167
;00-00002632;Масло 0,6 л;---;Масло;;-15
;00-00002965;Масло 4-х тактное SAE30 0,6 л;---;Масло;;-3
;00-00002974;Масло 0,25 2-х. тактн.;---;Масло;;-2
;00-00003065;Масло REZER PROFI 2Т мин. API TC, 1л;---;Масло;;
;00-00000036;Ключ пильный комбинированный Oregon;---;Оснастка;;-11
;00-00000083;Маска (сетка);---;Оснастка;;-26
;00-00000084;Очки желтые;---;Оснастка;;-40
;00-00000193;Ключ гаечный комбинированный Oregon;---;Оснастка;;2
;00-00000020;"Шина Husqvarna 15"" 325 1.5 64";---;Шины;;-18
;00-00000021;"Шина Husqvarna 15"" 325 1.3 64";---;Шины;;-12
;00-00000022;"Шина Stihl 15"" 325 1.6 62";---;Шины;;-3
;00-00000034;"Шина Stihl 14""3/8pm 1.3 50";---;Шины;;-5
;00-00000100;Шина 200 SLHD;---;Шины;;
;00-00000101;Шина 72 зв Чемпион;---;Шины;;-4
;00-00000102;Шина 64 зв Чемпион;---;Шины;;-4
;00-00000103;Шина 150 MLBK;---;Шины;;-2
;00-00000113;Шина сварная OREGON;---;Шины;;
;00-00000172;"Шина 15"" 3251,3 64";---;Шины;;-7
;00-00000192;Шина 140 SDEA;---;Шины;;2
;00-00000202;Шина 14 3/8 1,3 50;---;Шины;;-48
;00-00000315;"Шина Stihl 18"" 66 3/8";---;Шины;;-1
;00-00000386;"Шина Oregon 18"" 3/8 1.5 68";---;Шины;;-11
;00-00000523;"Шина 16"" 3/8 56";---;Шины;;-2
;00-00000673;"Шина  14"" 3/8 1,3 52";---;Шины;;-47
;00-00000720;"Шина 16"" 3/8 1,3 56";---;Шины;;-19
;00-00001845;"Шина 20""3/8 1,3 76";---;Шины;;-4
;00-00002091;"Шина Хускварна 18"" 325 1,3 72";---;Шины;;-2
;00-00000024;"Цепь Stihl 15"" 325 1,6 62";---;Цепи;;-37
;00-00000025;"Цепь 15""325 1.3 66";---;Цепи;;-79
;00-00000026;"Цепь Stihl 14"" 3/8pm 50";---;Цепи;;-158
;00-00000027;"Цепь 15"" 325 1.3 64";---;Цепи;;-61
;00-00000053;Цепь пильная в кольце 3/8-91 Р-50-1,3 мм;---;Цепи;;-5
;00-00000173;Цепь М91VXL-050CR 3/8;---;Цепи;;4
;00-00000180;Цепь М91VXL-052CR 3/8;---;Цепи;;3
;00-00000197;Цепь М91VXL-056CR 3/8;---;Цепи;;
;00-00000456;"Цепь Stihl 14"" 3/8 рм 50";---;Цепи;;-8
;00-00000462;"Цепь 16"" 3/8 1,3 57";---;Цепи;;-154
;00-00000465;"Цепь Champion 15"" 325 1,3 64";---;Цепи;;
;00-00000501;Цепь Stihl 15 325 1,3 64;---;Цепи;;-41
;00-00000565;"Цепь 15""325 1,3 64";---;Цепи;;-1
;00-00000575;"Цепь 14"" 3/8 1,3 52";---;Цепи;;-43
;00-00000580;"Цепь 16"" 3/8 1,6 60 STIHL";---;Цепи;;-15
;00-00000593;"Цепь 14""3/8 1,3 52 твердосплавая";---;Цепи;;-51
;00-00000658;"Цепь 16"" 3/8  1,3 56";---;Цепи;;-96
;00-00000712;"Цепь 18"" 3/8 1,5 68";---;Цепи;;-4
;00-00000755;"Цепь 18"" 3/8pm 1.3 62";---;Цепи;;-1
;00-00000768;"Цепь 14"" 3/8 1,3 50 твердасплавная";---;Цепи;;-4
;00-00000801;Цепь 15 325 1,5 64;---;Цепи;;-11
;00-00000824;Цепь 14 3/8 1,6 50;---;Цепи;;-3
;00-00000832;"Цепь 18"" 325 1,3 72";---;Цепи;;-10
;00-00000835;"Цепь тв.сплавн. 14""3/8 1,3 50";---;Цепи;;-2
;00-00000870;"Цепь 20"" 3/8 1,3 72 STIHL";---;Цепи;;-22
;00-00000934;Цепь 14 3/8 1,1 56;---;Цепи;;-6
;00-00000937;Цепь 14 1.3 pm 50;---;Цепи;;-316
;00-00000960;Цепь Stihl 14 1.3 3/8pm 50;---;Цепи;;-6
;00-00001017;"Цепь  15"" 325 1,6 62";---;Цепи;;-9
;00-00001127;"Цепь Champion 18"" 325 1,5 72";---;Цепи;;-7
;00-00001138;"Цепь 14"" 3/8 РМ 52";---;Цепи;;-1
;00-00001270;Цепь Stihl 15 325 1,5 64;---;Цепи;;
;00-00001275;Цепь 14 3/8 1,3 56;---;Цепи;;-31
;00-00001296;Цепь 15 325 1,3 64 Stihl;---;Цепи;;-42
;00-00001405;"Цепь 14"" 3/8 1,3 57";---;Цепи;;-3
;00-00001442;"Цепь 14"" 3/8 1,1 50";---;Цепи;;-7
;00-00001465;Цепь Stihl 14 3/8 1.3 pm 50;---;Цепи;;
;00-00001532;"Цепь 14"" 3/8 1,3 52 твердосплавная";---;Цепи;;-2
;00-00001542;"Цепь 20"" 3/8 1,5 76";---;Цепи;;-4
;00-00001629;"Цепь 18""3/8 1,5 72";---;Цепи;;-33
;00-00001654;"Цепь 18"" 325 1,5 72 Чемпион";---;Цепи;;-17
;00-00001656;"Цепь 16"" 325 1,6 62";---;Цепи;;-6
;00-00001801;"Цепь 16"" 3/8 1,6 60";---;Цепи;;-13
;00-00001846;Цепь 20 325 1,5 76;---;Цепи;;-8
;00-00001899;"Цепь 16"" 3/8  57";---;Цепи;;-1
;00-00001958;Цепь 14 1.3 pm 50 Rezer;---;Цепи;;-76
;00-00002029;"Цепь 18"" 325 1,5 76";---;Цепи;;-2
;00-00002062;"Цепь CHAMPION 325""-1,5mm-72 PRO (LP)¶";---;Цепи;;-2
;00-00002102;Цепь 14 1.3 pm 45;---;Цепи;;-3
;00-00002131;"Цепь 14"" 3/8 1,3 53";---;Цепи;;-3
;00-00002134;"Цепь 16"" 3/8  1,3 56 твердосплавная";---;Цепи;;-3
;00-00002388;Цепь 16 3/8 1,3 56;---;Цепи;;-17
;00-00002398;Цепь 15 325 1,3 64;---;Цепи;;-40
;00-00002428;"Цепь 16"" 3/8  1,3 57";---;Цепи;;-4
;00-00002461;"Цепь 18"" 3/8 1,3 64";---;Цепи;;-1
;00-00002538;"Цепь 16"" 325 1,5 66";---;Цепи;;-1
;00-00002645;"Цепь 6""";---;Цепи;;-16
;00-00002841;"Цепь 16"" 3/8pm 1.3 55";---;Цепи;;-3
;00-00002906;"Цепь 4"" 1/4 1,1 28";---;Цепи;;-2
;00-00002925;Цепь для мини пилы 28 зв.;---;Цепи;;-1
;00-00002951;"Цепь 18"" 325 1,5 72";---;Цепи;;-2
;00-00002954;Цепь 15 1,3 3/8 55;---;Цепи;;-1
;00-00002966;"Цепь 10"" 3/8pm 1,3 40";---;Цепи;;-1
;00-00000029;Напильник  4.0 мм.;---;Напильники;;-124
;00-00000030;Напильник Oregon 4.8 мм.;---;Напильники;;-24
;00-00000031;Напильник Oregon 5,2 мм.;---;Напильники;;-29
;00-00000035;Напильник плоский;---;Напильники;;-1
;00-00000073;Обойма напильников Чемпион 4,0;---;Напильники;;-3
;00-00000074;Заточный набор 3/8;---;Напильники;;-2
;00-00000105;Напильник круглый 4,0 мм Штиль;---;Напильники;;-62
;00-00000106;Напильник круглый 4,8 мм Штиль;---;Напильники;;-48
;00-00000157;Напильник ЕСНО 4,8;---;Напильники;;11
;00-00000207;Напильник круглый 5,2 мм;---;Напильники;;-14
;00-00000431;Обойма 584,005;---;Напильники;;-1
;00-00000007;Фильтр воздушный GX-120;---;Фильтра;;-20
;00-00000044;Фильтр топливный;---;Фильтра;;-111
;00-00000127;Фильтр воздушный для двигателя;---;Фильтра;;-14
;00-00000256;Фильтр топливный GT/SRM -22.2305;---;Фильтра;;-9
;00-00000303;Фильтр воздушный Т434-517;---;Фильтра;;
;00-00000307;Фильтр воздушный МS180;---;Фильтра;;-1
;00-00000409;Фильтр воздушный Subaru;---;Фильтра;;-3
;00-00000665;Фильтр топливный STIHL;---;Фильтра;;-4
;00-00000669;Фильтр воздушный FS-450;---;Фильтра;;-8
;00-00000731;Фильтр воздушный Н-128R;---;Фильтра;;-3
;00-00000004;Стартер GX 120-200;---;Стартера;;-13
;00-00000046;Стартер для двигателя HONDA;---;Стартера;;-2
;00-00000052;Стартер ручной MAKITA;---;Стартера;;
;00-00000169;Катушка стартера 135,435;---;Стартера;;
;00-00000346;Статор  MAKITA 3001/3501/4001/3503;---;Стартера;;-1
;00-00000385;Стартер Husqvarna 128R;---;Стартера;;-3
;00-00000417;Стартер мотокосы;---;Стартера;;-11
;00-00000483;Стартер ручной;---;Стартера;;-7
;00-00000067;Триммерная головка Autocut С26-2;---;Головки триммерные;;-22
640-148;00-00000313;Головка триммерная серия WIND DDE Wind 6 безразборная смена корда;---;Головки триммерные;;-11
;00-00000318;Головка триммерная ОРЕГОН 539138;---;Головки триммерные;;-2
640-148;00-00000331;Головка триммерная серия WIND DDE Wind 4;---;Головки триммерные;;-15
;00-00000416;Головка триммерная Husqvarna;---;Головки триммерные;;-22
;00-00000442;Головка триммерная HITACHI CG22EJ;---;Головки триммерные;;1
;00-00000786;Головка триммерная  ECHO;---;Головки триммерные;;-55
;00-00001065;Головка триммерная;---;Головки триммерные;;-594
;00-00001089;Головка триммерная  М10 1,25;---;Головки триммерные;;-175
;00-00001357;Головка триммерная FS-38;---;Головки триммерные;;-8
;00-00001376;Головка триммерная OREGON;---;Головки триммерные;;-7
;00-00001481;Головка Stihl Autocut 46-2;---;Головки триммерные;;
;00-00001503;Головка триммерная М10-1,25;---;Головки триммерные;;-1
;00-00001525;Головка Stihl C6-2;---;Головки триммерные;;-6
;00-00001717;Головка триммерная;---;Головки триммерные;;-44
;00-00002000;Головка Stihl Autocut С 26-2;---;Головки триммерные;;-2
;00-00002021;Головка триммерная HT54 (гайка М8*1,25 правая) Быстрая загрузка Stihl FS38¶;---;Головки триммерные;;-1
;00-00002052;Диск роторный;---;Головки триммерные;;-2
;00-00002350;Головка тримм. Autocut 36-2;---;Головки триммерные;;-3
;00-00002403;Головка тримерная Oleo-Mac;---;Головки триммерные;;-1
;00-00002431;Головка триммерная Champion;---;Головки триммерные;;-5
;00-00002649;DDE WIND 15 АРТ. 909-600;---;Головки триммерные;;-1
;00-00002736;Головка триммерная HT44 Универсальная Все редукторные косы от 25 до 40 см³¶;---;Головки триммерные;;-1
;00-00002978;Головка тримерная FS-450;---;Головки триммерные;;-2
;00-00000069;Леска Dual Cut 3,0мм 236 м.;---;Леска;;-10
;00-00000085;Леска 2,4 мм 25м.;---;Леска;;-655
;00-00000274;Леска 2,4 мм;---;Леска;;-219
;00-00000314;Леска трим.2,0мм;---;Леска;;-42
;00-00000323;Леска триммерная 2,4мм  25м. Dual-cut;---;Леска;;-45
;00-00000475;Леска триммерная Oregon 2.7 мм.;---;Леска;;
;00-00000532;"Леска триммерная DDE ""Speed line"" (звезда) 2,0 мм х 167 м, красная";---;Леска;;
;00-00000533;"Леска триммерная DDE ""Speed line"" (звезда) 2,4 мм х 116 м, красная";---;Леска;;-3
;00-00000534;"Леска триммерная DDE ""Speed line"" (звезда) 3,0 мм х 222 м, красная";---;Леска;;
;00-00000617;"Леска триммерная DDE ""Speed line"" (звезда) 3,0 мм";---;Леска;;
;00-00000619;Леска 3,0 мм;---;Леска;;-250
;00-00000627;Леска 2,7 мм;---;Леска;;-76
;00-00000656;Леска 2,0 мм 30м;---;Леска;;-39
;00-00000681;Леска 2.0мм. 55м.;---;Леска;;-3
;00-00000682;леска 2,0мм 15м;---;Леска;;-70
;00-00000688;Леска 2,4 мм 15м;---;Леска;;-145
;00-00000704;Леска триммерная 2,4 мм 220м;---;Леска;;-8
;00-00000728;Леска 2,4мм. 223м.;---;Леска;;-3
;00-00000743;Леска 2,4мм 35м.;---;Леска;;-2
;00-00000784;Леска 2,4 мм 15м.;---;Леска;;-87
;00-00000858;Леска триммерная Ф 3мм. 25м.;---;Леска;;
;00-00000859;Леска триммерная Ф 3мм 55м;---;Леска;;
;00-00000860;Леска триммерная Ф 3мм 56м. DDE 644-825;---;Леска;;
;00-00001068;Леска 3,0 мм 15м.;---;Леска;;-52
;00-00001114;Леска тримм. 2,4 мм;---;Леска;;-1
;00-00001268;Леска  триммерная кр. сечения  3,0 мм х 280 м;---;Леска;;
;00-00001280;Лента шлифовальная Р100;---;Леска;;-11
;00-00001444;леска 2,0мм 30 м;---;Леска;;-25
;00-00001467;Корд трим.CHAMPION 2.4мм*245м (круглый);---;Леска;;
;00-00001468;Корд трим.CHAMPION 3.0мм*164м (круглый);---;Леска;;
;00-00001479;Корд трим.CHAMPION  3.0мм* 25м;---;Леска;;
;00-00001482;Корд трим. ECHO 3,0мм*175м (витой);---;Леска;;
;00-00001505;Леска трим. 3,5;---;Леска;;-1
;00-00001559;Корд трим.CHAMPION 3.0мм 60м.;---;Леска;;
;00-00001678;Конденсатор 10 Мф;---;Леска;;-2
;00-00001700;Леска 3,5 мм. 42м;---;Леска;;-1
;00-00001702;Леска 1,6 мм;---;Леска;;-24
;00-00001792;Леска  1,6 мм;---;Леска;;-19
;00-00001804;"КОРД ТРИММЕРНЫЙ В БЛИСТЕРЕ DDE ""STILL LINE"" 3мм 37м";---;Леска;;
;00-00001806;Корд триммерный 4 мм 29м;---;Леска;;
;00-00001826;Корд тримерный DDE 2.4  90m.;---;Леска;;-2
;00-00002009;Леска 2,5мм  45м;---;Леска;;-1
;00-00002011;Леска 2,4 мм 45м DDE;---;Леска;;-20
;00-00002014;Леска 2,4 мм 90м;---;Леска;;-1
;00-00002024;Леска 2,4 мм 90м DDE;---;Леска;;-2
;00-00002041;Леска Echo 3.0mm 10м;---;Леска;;-2
;00-00002081;Леска 1,3 мм;---;Леска;;-18
;00-00002316;Корд трим.CHAMPION 3.0мм*168 м.;---;Леска;;-5
;00-00002317;Корд трим.CHAMPION 3.0мм*37м.;---;Леска;;-21
;00-00002342;Леска 3,0 мм 236м.;---;Леска;;-1
;00-00002348;Корд трим.CHAMPION 3.0мм*164м;---;Леска;;-2
;00-00002349;Леска  1,6 мм  188м;---;Леска;;-1
;00-00002362;Леска ULTRA-PRO 4мм-29 м;---;Леска;;-1
;00-00002634;Леска 4,0 мм;---;Леска;;-1
;00-00002646;Леска 2,0 мм;---;Леска;;-27
;00-00002695;Леска 3,0 мм 90м.;---;Леска;;-2
;00-00002789;Леска  3,5 мм;---;Леска;;-1
;00-00002958;Леска 2,4мм. 220м.;---;Леска;;-3
;00-00002984;Леска 3.0мм 150м;---;Леска;;-1
;00-00003015;Леска 2,4 мм 15м.;---;Леска;;-6
;00-00003053;Леска 2,4 мм 15м.;---;Леска;;
;00-00000080;Круг шлифовальный 125*6*22,2;---;Диски Луга;;-22
;00-00000081;Круг отрезной 125*1,2*22,2;---;Диски Луга;;-737
;00-00000864;Диск по дереву;---;Диски Луга;;-18
;00-00001316;Диск отрезной 230/2-22,2;---;Диски Луга;;-65
;00-00001744;Диск КЛТ 125*22;---;Диски Луга;;-114
;00-00001868;Диск отрезной 150 22-1,6;---;Диски Луга;;-30
;00-00001949;Диск алмазный турбо;---;Диски Луга;;-4
;00-00000087;Сверло 4,8мм.;---;Сверла;;-4
;00-00000088;Сверло 3мм.;---;Сверла;;-21
;00-00000115;Сверло по бетону 5х85;---;Сверла;;-2
;00-00000116;Сверло по бетону 6х100;---;Сверла;;
;00-00000117;Сверло по бетону 8х120;---;Сверла;;
;00-00000118;Сверло по бетону 10х120;---;Сверла;;
;00-00000119;Сверло по бетону 12х120;---;Сверла;;
;00-00000137;Сверло по металлу 3,0х61;---;Сверла;;
775-532;00-00000333;Сверло по бетону 8 х 200;---;Сверла;;-1
033-147;00-00000334;Сверло по металлу 2,0 х 49;---;Сверла;;-2
033-154;00-00000335;Сверло по металлу 2,5 х 57;---;Сверла;;
033-161;00-00000336;Сверло по металлу 3,0 х 61;---;Сверла;;-1
033-178;00-00000337;Сверло по металлу 3,2 х 65;---;Сверла;;-6
033-185;00-00000338;Сверло по металлу 3,3 х 65;---;Сверла;;-5
033-192;00-00000339;Сверло по металлу 3,5 х 70;---;Сверла;;-1
033-208;00-00000340;Сверло по металлу 4,0 х 75;---;Сверла;;-2
033-215;00-00000341;Сверло по металлу 4,2 х 75;---;Сверла;;-2
033-222;00-00000342;Сверло по металлу 4,5 х 80;---;Сверла;;-3
033-239;00-00000343;Сверло по металлу 4,8 х 86;---;Сверла;;-1
033-246;00-00000344;Сверло по металлу 11 х 86;---;Сверла;;-1
033-253;00-00000345;Сверло по металлу 6,0 х 93;---;Сверла;;-2
;00-00001756;Сверло по металлу 7,0;---;Сверла;;-1
;00-00001757;Сверло по металлу 8 мм;---;Сверла;;-1
;00-00001758;Сверло по металлу 13мм;---;Сверла;;-1
;00-00002926;Сверло 5мм;---;Сверла;;-2
;00-00000090;Аккумулятор для MAKITA ПРАКТИКА 12В, 1,5Ач, NiCd;Выключатели;Аккумуляторы;;-1
;00-00000120;Кольцо поршневое 39 мм;---;Поршни;;
;00-00000123;Кольцо поршневое 38 мм;---;Поршни;;
;00-00000138;Кольцо поршневое 40 мм;---;Поршни;;-1
;00-00000139;Кольцо поршневое 42,5 мм;---;Поршни;;
;00-00000159;Поршневая группа MS-180;---;Поршни;;-5
;00-00000160;Поршневая группа мотокос 33 куб см;---;Поршни;;
;00-00000161;Поршень MS-180 (38 мм);---;Поршни;;-4
;00-00000199;Кольцо поршневое 88х2,0 мм;---;Поршни;;
;00-00000205;Кольцо поршневое Н136-351;---;Поршни;;1
;00-00000284;Поршень Н365, 2065 (48мм);---;Поршни;;
;00-00000291;Кольцо уплотнительное 365;---;Поршни;;
;00-00000295;Поршень 365, 2145;---;Поршни;;
;00-00000368;Кольцо уплотнительное DDE штуцера;---;Поршни;;2
;00-00000536;Кольцо поршневое MS-180;---;Поршни;;-8
;00-00000722;Поршневая группа 52 см3;---;Поршни;;-12
;00-00000732;Поршневая группа GBR-357;---;Поршни;;-1
;00-00000163;Сальник MS 180-250;---;Сальники;;-26
;00-00000208;Сальник + подшипник Р351,136,137,142;---;Сальники;;-2
;00-00000255;Сальник FS38/45/55;---;Сальники;;
039010110100;00-00000276;Сальник механический DDE GP40-II/GP40/GP50/GP80 /PN40/PN50/PN80;---;Сальники;;1
;00-00000150;Смазка ведущей зв.CHAMPION 50г;---;Смазки;;
;00-00000531;Смазка редуктора универс. CHAMPION 120 г;---;Смазки;;
;00-00000599;Смазка универсальная REZER;---;Смазки;;-3
;00-00000071;Бензопила Чемпион 240;---;Бензопилы;;-8
;00-00000188;Корпус пилы MS 170,180;---;Бензопилы;;1
;00-00000270;Бензопила Husqvarna 372XP;---;Бензопилы;;-1
;00-00000271;Бензопила Husqvarna 545;---;Бензопилы;;-2
;00-00000272;Бензопила Husqvarna 445е II;---;Бензопилы;;-15
;00-00000455;Бензопила DDE 3815;---;Бензопилы;;
;00-00000484;Бензопила Promo 52-18;---;Бензопилы;;
;00-00000560;Бензопила MS-180;---;Бензопилы;;-11
;00-00000578;Бензопила STIHL MS-361;---;Бензопилы;;-2
;00-00000750;Бензопила Штиль МS-230;---;Бензопилы;;-7
;00-00000851;Бензопила PROMO 45-15;---;Бензопилы;;-2
;00-00000949;Бензопила Промо 45-15;---;Бензопилы;;-1
;00-00001131;Бензопила STIHL MS-250;---;Бензопилы;;-2
;00-00001176;Бензопила STIHL MS-250;---;Бензопилы;;-1
;00-00001404;Бензопила DGS-4516;---;Бензопилы;;-2
;00-00001895;Бензопила Carver;---;Бензопилы;;-1
;00-00002098;Бензопила Stihl MS-250;---;Бензопилы;;-1
;00-00002101;Бензопила CS 250;---;Бензопилы;;-1
;00-00002591;Бензопила DDE CS 5018;---;Бензопилы;;-1
;00-00000130;Газонокосилка бензиновая;---;Газонокосилки;;-4
;00-00000350;Мотокоса ECHO SRM - 22 GES;---;Газонокосилки;;-2
;00-00000616;Бензотриммер GT 22 GES;---;Газонокосилки;;
;00-00000788;Мотокоса STIHL FS-55;---;Газонокосилки;;-5
;00-00001370;Мотокоса DENZEL DGT-330S;---;Газонокосилки;;-3
;00-00001693;Мотокоса КАРВЕР 033М;---;Газонокосилки;;-1
;00-00001741;Газонокосилка Кронверки EGC-1000;---;Газонокосилки;;-1
;00-00001765;Газонокосилка DDE 5170 D;---;Газонокосилки;;-1
;00-00001945;Триммер Чемпион ЕТ1211А;---;Газонокосилки;;-1
;00-00002356;Триммер ДДЕ GT250L;---;Газонокосилки;;-1
;00-00000211;Триммер CHAMPION Т523S-2;---;Триммеры;;-14
;00-00000287;Триммер Чемпион ЕТ 1003А;---;Триммеры;;-1
;00-00000316;Бензокоса DT-33 DENZEL;---;Триммеры;;-9
;00-00000653;Триммер STIHL FS-38;---;Триммеры;;-9
;00-00000674;Триммер ET 1003A;---;Триммеры;;-6
;00-00000686;Мотокоса ECHO SRM 22 GES;---;Триммеры;;-1
;00-00000690;Мотокоса STIHL FS-55 0.75 кВт;---;Триммеры;;-2
;00-00001408;Триммер эл. Чемпион ЕТ 1003 А;---;Триммеры;;-1
;00-00000055;Щетка графитовая СВ -350;---;Щетки;;-10
;00-00000056;Щетка графитовая СВ -155;---;Щетки;;-4
;00-00000143;Щетка графитовая СВ -430;---;Щетки;;
;00-00000145;Щетка графитовая СВ -303;---;Щетки;;-2
;00-00000454;Щетки графитовая (пара);---;Щетки;;-360
;00-00000721;Щетка графитовая СВ-459;---;Щетки;;-3
;00-00000104;Присадка к топливу Штиль 1 л;---;Присадки;;-1
;00-00000171;Присадка к топливу ЕСНО 1 л;---;Присадки;;
;00-00000190;Присадка к топливу Штиль 5 л;---;Присадки;;1
;00-00000360;Присадка к топливу ЕСНО 0,1 л;---;Присадки;;
;00-00000038;Свеча 2-х такт.;---;Свечи;;-584
;00-00000175;Свеча зажигания NGK;---;Свечи;;-20
;00-00000405;Свеча 4х такт;---;Свечи;;-27
;00-00000042;Пружина сцепления Husqvarna 435/440;---;Пружины;;-1
;00-00000142;Пружина MAKITA;---;Пружины;;
;00-00000178;Пружина легк. зап.340е, 445е, 450е;---;Пружины;;
;00-00000179;Пружина стартера 137,142,Р433В;---;Пружины;;-1
;00-00000185;Пружина сцепления CS-350,3500,352,353;---;Пружины;;3
;00-00000304;Пружина стартера 250;---;Пружины;;-1
;00-00000369;Пружина стартера  UP 137/142;---;Пружины;;3
;00-00000559;Пружина натяжения редуктора;---;Пружины;;-4
;00-00000182;Выключатель зажигания 365;---;Выключатели;;1
;00-00000742;Выключатель;---;Выключатели;;-41
;00-00001994;Выключатель ДЭА-18-07;---;Выключатели;;-1
;00-00000187;Заглушка амортизатора MS 181,250,361-441;---;Амортизаторы и заглушки;;2
;00-00000254;Амортизатор CS-352ЕS (верхний правый);---;Амортизаторы и заглушки;;
;00-00000108;Звездочка ведущая;---;Звездочки;;-8
;00-00000196;Звездочка ведущая Н136-142;---;Звездочки;;2
;00-00000204;Звездочка венец 325/7;---;Звездочки;;-1
;00-00000300;Звездочка ведущая 254,245,55,250;---;Звездочки;;-1
;00-00000214;Воздуходувка профессиональная Stihl BR 500;---;Воздуходувки;;-1
;00-00000450;Воздуходувка-измельчитель CHAMPION GВV326S;---;Воздуходувки;;-1
;00-00002472;Воздуходувка-пылесос CARVER BV 2800E 2800 Вт Воздушный поток: 270 км/ч, 720 м3/час. объем 40 л;---;Воздуходувки;;-2
;00-00000217;Компрессор поршневой масляный QUATTRO ELEMENTI DV-370-100;---;Компресоры;;-1
241-659;00-00000222;"Нож для газонокосилки UNIVERSAL DDE SHARK 18""/46";---;Ножи;;
241-666;00-00000223;"Нож для газонокосилки UNIVERSAL DDE SHARK 20""/51 см";---;Ножи;;-2
;00-00000227;Нож для газонокосилки;---;Ножи;;-44
;00-00000231;Нож 3-х лопастной DDE 255*25.4*1.4;---;Ножи;;-1
241-673;00-00000330;"Нож для газонокосилки UNIVERSAL DDE SHARK 21""/53,3 см";---;Ножи;;
;00-00000225;Набор ключей накидных АВТОДЕЛО;---;Ключи;;
;00-00000226;Захват магнитный телескопический АВТОДЕЛО;---;Ключи;;
;00-00000813;Ключ для УШМ;---;Ключи;;-10
034-120;00-00000064;Зубило SDS-plus плоское ПРАКТИКА 20 х 250 мм;---;Пики (Зубило);;-1
034-137;00-00000246;Зубило SDS-plus плоское ПРАКТИКА 40 х 250 мм;---;Пики (Зубило);;
034-144;00-00000247;Зубило SDS-plus пикообразное ПРАКТИКА 250 мм;---;Пики (Зубило);;
035-202;00-00000248;Зубило SDS-MAX пикообразное ПРАКТИКА 400 мм;---;Пики (Зубило);;-2
035-196;00-00000249;Зубило SDS-MAX пикообразное ПРАКТИКА 600 мм;---;Пики (Зубило);;-1
034-151;00-00000250;Зубило SDS-plus канавочное ПРАКТИКА 22 х 250 мм;---;Пики (Зубило);;
;00-00000230;Уровень магнитный Armero 100см;---;Уровни;;
;00-00001886;Уровень строительный КОБАЛЬТ Комфорт, 1000 мм, профиль 20 x 49 мм, 3 глазка, точность;---;Уровни;;-1
;00-00001667;Буп по бетону 25*600 DreBur;---;Буры;;-8
036-445;00-00000235;"Бур SDS-plus ПРАКТИКА 12 х 210 мм серия ""Профи"" по бетону";Буры;Практика;;-2
037-350;00-00000237;"Бур SDS-plus ПРАКТИКА 4 х 160 мм серия ""Профи"" по бетону";Буры;Практика;;
033-574;00-00000238;"Бур SDS-plus ПРАКТИКА 5 х 110 мм серия ""Профи"" по бетону";Буры;Практика;;
036-391;00-00000239;"Бур SDS-plus ПРАКТИКА 4 х 110 мм серия ""Профи"" по бетону";Буры;Практика;;
033-628;00-00000240;"Бур SDS-plus ПРАКТИКА 8 х 160 мм серия ""Профи"" по бетону";Буры;Практика;;-2
033-697;00-00000241;"Бур SDS-plus ПРАКТИКА 12 х 160 мм серия ""Профи"" по бетону";Буры;Практика;;
033-765;00-00000242;"Бур SDS-plus ПРАКТИКА 14 х 460 мм серия ""Профи"" по бетону";Буры;Практика;;
033-802;00-00000243;"Бур SDS-plus ПРАКТИКА 16 х 460 мм серия ""Профи"" по бетону";Буры;Практика;;-1
038-074;00-00000244;"Бур SDS-plus ПРАКТИКА 20 х 600 мм серия ""Профи"" по бетону";Буры;Практика;;-4
038-135;00-00000245;"Бур SDS-plus ПРАКТИКА 25 х 600 мм серия ""Профи"" по бетону";Буры;Практика;;-5
028-245-274;00-00000278;Маслонасос MAKITA DCS34/400/410/411;---;Маслонасосы;;1
;00-00000283;Касса Вики принт 57Ф;---;ПРОЧИЕ;;
;00-00001793;Фискальный накопитель;---;ПРОЧИЕ;;
;00-00000289;Двигатель G200-1НК Чемпион 6,5 л.с;МИР Инструмента;Двигатели;;-2
;00-00002107;Двигатель ДДЕ-Е700;МИР Инструмента;Двигатели;;-1
;00-00000140;Пилка для лобзика 100хэ75мм;---;Пилки для лобзика;;-7
;00-00000328;Пилка для лобзика по дереву 116х90мм;---;Пилки для лобзика;;
;00-00000329;Пилка для лобзика по дереву 100 х 75 мм;---;Пилки для лобзика;;-12
;00-00000371;Пилка для лобзика по ламинату 100 х 7590мм;---;Пилки для лобзика;;2
034-533;00-00000373;Пилка для лобзика по плитке  76 х 50мм;---;Пилки для лобзика;;1
036-117;00-00000374;Пилка для лобзика по плитке алмазные 76 х 50мм;---;Пилки для лобзика;;1
;00-00000400;Набор прокладок HUSQVARNA 128R;---;Прокладки;;-1
;00-00000058;Пила цепная Диолд 2-45-18;---;ДИОЛД;;-4
;00-00000098;МШУ Плата рег. в сборе;---;ДИОЛД;;
;00-00000261;МШУ-0,9-01 Диолд;---;ДИОЛД;;-2
;00-00000265;МШУ-0,8-02 Шестерни;---;ДИОЛД;;
;00-00000420;МШУ-1,0 Якорь;---;ДИОЛД;;
;00-00000422;МЭФ-1,1 Якорь;---;ДИОЛД;;
;00-00000423;МЭФ-1,25 Якорь;---;ДИОЛД;;
;00-00000424;ДП-1,4 Якорь;---;ДИОЛД;;
;00-00000425;ДП-1,4 Шпиндель в сборе;---;ДИОЛД;;
;00-00000430;МШУ-0,95-01 Шестерни;---;ДИОЛД;;
;00-00000432;МШЛ-0,8-0,95 Кронштейн в сборе;---;ДИОЛД;;1
;00-00000433;ДП-1,3 Щетки;---;ДИОЛД;;5
;00-00000434;ДП-1,3 Щеткодержатель;---;ДИОЛД;;2
;00-00000435;ДП-0,8/0,8-01 Щетки;---;ДИОЛД;;10
;00-00000438;МШУ-0,95-01;---;ДИОЛД;;1
;00-00000439;МШУ-0,95-01 Гайка прижимная;---;ДИОЛД;;3
;00-00000440;МШУ-0,8-02 Клавиша включения;---;ДИОЛД;;5
;00-00000464;"ДП-1,5-190 Пила электрическая дисковая ""ДИОЛД""";---;ДИОЛД;;-2
;00-00000572;"ДЭУ-030  ""ДИФМАШ""";---;ДИОЛД;;-2
;00-00000789;МЭД-2МФ;---;ДИОЛД;;-1
;00-00000808;Дрель МЭСУ-6-01;---;ДИОЛД;;-1
;00-00000895;МШУ-0,7-01 700 Вт  115 мм 11000 об/мин;---;ДИОЛД;;-19
;00-00000901;МШУ 1-02;---;ДИОЛД;;-14
;00-00000923;МШУ-0,95-01Диолд;---;ДИОЛД;;
;00-00000938;МЗС-03;---;ДИОЛД;;-2
;00-00000939;ЭШ-0,56-2;---;ДИОЛД;;-3
;00-00000953;ЭТБ-250/150;---;ДИОЛД;;-5
;00-00000961;МШУ 1,3-180П;---;ДИОЛД;;-1
;00-00001035;МШУ Диолд 0,95-01;---;ДИОЛД;;-1
;00-00001063;МПШ-0,3 Диолд;---;ДИОЛД;;-1
;00-00001083;ДП-1,3-02  1300 Вт 0-54 мм  диск 20*165;---;ДИОЛД;;-1
;00-00001125;МШУ-1,3П-01-180  1300 Вт 600/1100/1600/2100/2600/3000 об/мин;---;ДИОЛД;;-1
;00-00001126;Перфоратор ПРЭ-12;---;ДИОЛД;;-1
;00-00001130;эл.дрель Диолд МЭСУ-7;---;ДИОЛД;;-1
;00-00001147;МЭС-5-03 800 Вт, дрель безударная, патрон до 13 мм, 0-2500 об/мин;---;ДИОЛД;;-8
;00-00001154;МШУ Диолд 1-125;---;ДИОЛД;;-1
;00-00001172;МШУ-2,2-230 Диолд;---;ДИОЛД;;-1
;00-00001173;МШУ-1,8-230 Диолд;---;ДИОЛД;;-1
;00-00001179;МШУ Диолд 0,85;---;ДИОЛД;;-3
;00-00001222;НД-300-01  300 Вт, 6000 л/час, 6 м,;---;ДИОЛД;;-2
;00-00001230;Зарядное устройство Диолд;---;ДИОЛД;;-1
;00-00001243;МШУ 0,95-125;---;ДИОЛД;;-2
;00-00001250;ДЭА-14НК-01;---;ДИОЛД;;-1
;00-00001256;Инверторное зарядное устройство Диолд ИЗУ-10;---;ДИОЛД;;
;00-00001264;Изолента синяя;---;ДИОЛД;;-2
;00-00001276;ВГВ-2000Е;---;ДИОЛД;;-1
;00-00001283;МШЛ-0,8  800 Вт  75x457 мм;---;ДИОЛД;;-2
;00-00001292;Дрель ДЭУ-010;---;ДИОЛД;;-1
;00-00001304;Угловая шлифмашина (болгарка) с насадками МШУ-1,2П-02;---;ДИОЛД;;-1
;00-00001307;Набор бит Диолд НСН-6;---;ДИОЛД;;-3
;00-00001317;Аккумулятор диолд 12ли-07;---;ДИОЛД;;-1
;00-00001322;РЭ-1100-01;---;ДИОЛД;;-3
;00-00001323;Маска сварочная Диолд МСА-2;---;ДИОЛД;;-1
;00-00001330;ДЭА-18ЛИ-04;---;ДИОЛД;;-1
;00-00001332;Н-р бит Диолд;---;ДИОЛД;;-1
;00-00001347;ЭШ-0,56-2 560 Вт 0-750 об/мин 24 Н*м;---;ДИОЛД;;-8
;00-00001350;Бензопила Диолд ПЦБ 1-38-16;---;ДИОЛД;;-7
;00-00001396;МШУ 09-02  900 Вт 11000 об/мин;---;ДИОЛД;;-20
;00-00001413;МЭФ-1,9-01 1900 Вт, 8000 – 28000 об/мин, цанга 8 и12мм ход фрезы 55 мм;---;ДИОЛД;;-6
;00-00001455;МШУ 2-01 Диолд;---;ДИОЛД;;-2
;00-00001458;МШУ 1,2-01;---;ДИОЛД;;-1
;00-00001500;МЭСУ-12-3 1000 Вт, патрон до 13 мм, частота вращения 0-1200/3000 об/мин.;---;ДИОЛД;;-2
;00-00001506;МЭВ-0,34МФ 340 Вт, частота 15000-21000 кол/мин, угол колебания насадок  3 град, кейс, m. 1,45 кг;---;ДИОЛД;;-1
;00-00001535;МШУ 1,8-230;---;ДИОЛД;;-1
;00-00001563;Бензопила Диолд ПЦБ 1-50-18;---;ДИОЛД;;-1
;00-00001572;Дрель ДЭУ-020;---;ДИОЛД;;
;00-00001576;УЛПП-5-01;---;ДИОЛД;;-1
;00-00001582;ДЭА 20/4,0 Аккумуляторная батарея;---;ДИОЛД;;-1
;00-00001596;ДЭА-20Л-09 20 В50 Нм, Два Li-ion аккум.2,0 А/час;---;ДИОЛД;;-15
;00-00001597;Инструмент пневматический в наборе Диолд;---;ДИОЛД;;-1
;00-00001610;ШТБ-2,0 -150  2000 Вт глубина 10-45 мм  размеры диска 150х22,2 мм;---;ДИОЛД;;-1
;00-00001612;НСП-12 ДИОЛД;---;ДИОЛД;;-15
;00-00001632;Электроточило  ЭТБ-350/175 350 Вт,  2950 об/мин, D круга 175 мм, диаметр посадочный 14/32 мм;---;ДИОЛД;;-1
;00-00001641;ПТД-1,3М-210 1300 Вт глубина 0-60 мм ширина  0-120 мм 210х32 мм;---;ДИОЛД;;-2
;00-00001651;ПЛЭ-1-02М  450 Вт, 500-3000  зажим болтом;---;ДИОЛД;;-1
;00-00001681;Ленточношлифовальная машина Диолд МШЛ-1 У;---;ДИОЛД;;-1
;00-00001709;ДП-1,5-02-190 1500 Вт глубина пропила при 90° 64 мм;---;ДИОЛД;;-17
;00-00001711;РЭ-1100-01 1100 Вт 16000 об/мин,ножи 82 мм;---;ДИОЛД;;-5
;00-00001713;Набор для компрессора Диолд ИП-2 (нижний бачок);---;ДИОЛД;;-1
;00-00001724;ДЭА-20Л-02  20 В  45 Нм  Два Li-ion аккумулятора 2,0 А/чаc кейс;---;ДИОЛД;;-40
;00-00001740;Муфта соиденительная;---;ДИОЛД;;-1
;00-00001777;ДП-0,55МФ 550 Вт Глубина пропила 0-25 мм, 4500 об/мин;---;ДИОЛД;;-2
;00-00001812;ДЭА-16Л-08  БЕСЩЁТОЧНЫЙ 16 В 38 Нм Два Li-ion аккумулятора 2,0 А/час, кейс;---;ДИОЛД;;-5
;00-00001818;МШУ Диолд 0,95-125;---;ДИОЛД;;-1
;00-00001835;Дрель МЭСУ-7;---;ДИОЛД;;-1
;00-00001837;Краскораспылитель КРЭ-2;---;ДИОЛД;;-1
;00-00001841;Ручка бак;---;ДИОЛД;;-1
;00-00001847;МПШ-0,25 250 Вт 240x97 мм;---;ДИОЛД;;-4
;00-00001850;РЭ-1500-01 1500 Вт  15000 об/мин 110 мм.;---;ДИОЛД;;-2
;00-00001853;Опорная тарелка ОТ-125 МШУ для МШУ d-125, М14 (липучая основа);---;ДИОЛД;;-3
;00-00001854;Листы шлифовальные для шлифплатформы;---;ДИОЛД;;-7
;00-00001872;ТП-2-02ЭК 1000/2000 Вт,  150 м.куб/ч керамический нагревательный элемент;---;ДИОЛД;;-3
;00-00001889;Маховик 52 см3;---;ДИОЛД;;-4
;00-00001892;Круг шлифовальный 150*150 Диолд;---;ДИОЛД;;-2
;00-00001908;Перфоратор ДИОЛД ПР4/850;---;ДИОЛД;;-1
;00-00001910;Набор мини шарошек ДИОЛД;---;ДИОЛД;;-1
;00-00001912;МШУ-0,9-02;---;ДИОЛД;;
;00-00001914;МПШ-1 150 Вт 240x90 мм;---;ДИОЛД;;-4
;00-00001915;ДЭА-12ЛИ-04;---;ДИОЛД;;-1
;00-00001916;МП-0,5;---;ДИОЛД;;-1
;00-00001919;ДЭА-12ЛИ-07;---;ДИОЛД;;-1
;00-00001925;МЭСУ-7;---;ДИОЛД;;-1
;00-00001943;НД-800-01 800 Вт. 13000 л/час  диаметр частиц 35 мм.;---;ДИОЛД;;-5
;00-00001944;Аккумулятор 14,4 Вт ДИОЛД;---;ДИОЛД;;-2
;00-00001953;Бензопила Диолд ПЦБ 2-50-18;---;ДИОЛД;;-1
;00-00001957;НД-1100-01  1100 Вт,  14000 л/час, высота  8,5 м, макс. диаметр частиц 35 мм;---;ДИОЛД;;-16
;00-00001959;Аккумулятор ША-18/2;---;ДИОЛД;;-2
;00-00001967;ДЭА-20 ЛИ-03У бесщеточный 20 В  90 Нм Один Li-ion 4,0 А/час кейс;---;ДИОЛД;;-8
;00-00001975;ДЭА-16ЛИ-08;---;ДИОЛД;;-1
;00-00001976;МШУ 0,95-01 Шпонка сегментная малая 3*3,7*9 (п.22, 44);---;ДИОЛД;;-2
;00-00001977;МШУ 0,95-01 Шестерни (п.32,36);---;ДИОЛД;;-1
;00-00001979;ДЭА-20ЛИ-01;---;ДИОЛД;;-11
;00-00001981;Электроточило ЭТБ-450/200;---;ДИОЛД;;-1
;00-00001983;Зарядное устройство ИЗУ-8  220 В 12 В, 120Вт, 6/8 А,;---;ДИОЛД;;-2
;00-00001986;МШЛ-1У  1000 Вт 76x533 мм;---;ДИОЛД;;-3
;00-00001995;ТБ-2-33;---;ДИОЛД;;-3
;00-00001996;Очиститель;---;ДИОЛД;;-11
;00-00001997;ТБ-2-43;---;ДИОЛД;;-1
;00-00001998;КЗВ-125У;---;ДИОЛД;;-2
;00-00001999;ТБ-2-52  2кВт;---;ДИОЛД;;-4
;00-00002003;Гайковерт Диолд ГЭА-20-ЛИ-01;---;ДИОЛД;;-1
;00-00002008;МЭСУ-1-2 850 Вт, патрон до 13 мм, частота вращения 0-2800 об/мин;---;ДИОЛД;;-2
;00-00002023;МШУ-1-01;---;ДИОЛД;;-3
;00-00002026;РЭ-800-01;---;ДИОЛД;;-1
;00-00002047;Держатель электродов 600А;---;ДИОЛД;;-1
;00-00002048;Держатель магнитный;---;ДИОЛД;;-2
;00-00002058;Сабельная пила АСПЭ-20ЛИ-01;---;ДИОЛД;;-1
;00-00002059;Аккумуляторная угловая шлифмашина Диолд АМШУ-20ЛИ-01;---;ДИОЛД;;-1
;00-00002060;Батарея аккумуляторная универсальная 20/4.0, серия ЛИ-02С;---;ДИОЛД;;-3
;00-00002061;Зарядное устройство ЗУ-20ЛИ;---;ДИОЛД;;-1
;00-00002073;Венчик для красок и штукатурных смесей, оцинк.;---;ДИОЛД;;-1
;00-00002079;ВГВ-1-02;---;ДИОЛД;;-1
;00-00002082;НВ-0,35В-01(10м) 350 Вт, 18 л/мин, глубина 7 м, макс. высота 72 м;---;ДИОЛД;;-4
;00-00002103;ПВУ-1200-30 1200 вт, 30 л, сухая/влажная уборка,подкл 0,1-2 кВт;---;ДИОЛД;;-1
;00-00002114;МШУ 1,2-03;---;ДИОЛД;;
;00-00002115;МШУ 1,2-03 Диолд;---;ДИОЛД;;
;00-00002117;МШУ 2,3-01;---;ДИОЛД;;-2
;00-00002121;МШУ-1-125 1000 Вт;---;ДИОЛД;;-12
;00-00002132;ДЭА-20ЛИ-03У;---;ДИОЛД;;-1
;00-00002136;ЭШ-0,45  450 Вт 0-750 об/мин 22 Н*м;---;ДИОЛД;;
;00-00002142;Перфоратор ПРЭГ-28-01;---;ДИОЛД;;-2
;00-00002147;НД-500-01 500Вт. 7000 л/час. диаметр частиц 5 мм.;---;ДИОЛД;;-1
;00-00002148;МШУ-1-1  1100 Вт  0-11000 об/мин;---;ДИОЛД;;-7
;00-00002151;МШУ-1,2-03 1200 Вт 3000-11000 об/мин -Константная электроника, поддержки постоянных оборотов под наг;---;ДИОЛД;;-2
;00-00002152;МШУ-0,95-01 950 Вт 3500-11000 об/мин;---;ДИОЛД;;
;00-00002154;МШУ-1,3-03 1300 Вт 0-11000 об/мин;---;ДИОЛД;;-4
;00-00002155;МШУ-1,8-01-150 1800 Вт  3500-8500 об/мин;---;ДИОЛД;;-1
;00-00002156;МШУ-2,3-02  2300 Вт,  6500 об/мин, 230 мм плавный пуск;---;ДИОЛД;;-6
;00-00002157;НВ-0,35Н-01(10м) 350 Вт, 18 л/мин нижний забор. глубина  7 м, макс. высота  72 м;---;ДИОЛД;;-1
;00-00002158;ПВУ-1200-15 1200 Вт 15л.;---;ДИОЛД;;
;00-00002159;ПВУ-1200-18 1200 Вт 18 л;---;ДИОЛД;;
;00-00002160;ПВУ-1200-20 1200 Вт, 20 л. мощность инструмента 0,1-2 кВт;---;ДИОЛД;;-1
;00-00002161;ПВУ-1400-50 1400 Вт. 50 л мощность инструмента 1-2 кВт;---;ДИОЛД;;
;00-00002166;Перфоратор ПРЭ-12 800 Вт, 0-1000 об/мин, 0-4800 уд/мин, 3,5 Дж, 3,3 кг;---;ДИОЛД;;
;00-00002169;ДЭА-12ЛИ-08 БЕСЩЁТОЧНЫЙ  12 В 35 Нм  Два Li-ion аккумулятора 2,0 А/час;---;ДИОЛД;;-2
;00-00002170;Зарядное устройство  ИЗУ-10 12/24 В, 140Вт,  6/10 А,;---;ДИОЛД;;
;00-00002171;КРЭ-2 400 Вт 700 мл/мин D сопла 2,6 мм вместимость резервуара 800 мл;---;ДИОЛД;;-1
;00-00002172;КРЭ-3 600 Вт 1100 мл/мин D сопла 2,6 мм вместимость резервуара 700 мл;---;ДИОЛД;;
;00-00002173;КРЭ 4 120 Вт 300 мл/мин вместимость резервуара 800 мл;---;ДИОЛД;;
;00-00002174;ПЛЭ-1-08 650 Вт 500-3000 зажим болтом;---;ДИОЛД;;-2
;00-00002175;ПЛЭ-1-10М 800 Вт  500-2800 быстрозажимной механизм;---;ДИОЛД;;
;00-00002177;МПШ-0,3 300 Вт 280x115 мм;---;ДИОЛД;;
;00-00002178;МП-0,5 500 Вт  D шлифовальной шкурки 150 мм;---;ДИОЛД;;
;00-00002179;НП-70 насадка-пылесборник;---;ДИОЛД;;
;00-00002180;КЗВ-125 (125 мм);---;ДИОЛД;;-2
;00-00002181;КЗВ-125У глубина штробления 6-28мм ширина 8-30мм D диска 125мм;---;ДИОЛД;;-1
;00-00002182;ВГВ-1-01 2000 Вт 300/500°С  300/500 л/мин;---;ДИОЛД;;-3
;00-00002183;ВГВ-1-02 2000 Вт  350/600 °С  300/500 л/мин;---;ДИОЛД;;-1
;00-00002185;ПЦБ-3-45-16   1,8 кВт;---;ДИОЛД;;
;00-00002186;ПЦБ-3-52-18  2,2 кВт;---;ДИОЛД;;-3
;00-00002187;ТБ-2-33   1,0/1,4 кВт/л.с,;---;ДИОЛД;;-4
;00-00002188;ДЭМ-1 1100 Вт  0-550 об/мин;---;ДИОЛД;;
;00-00002189;ГЭА-20ЛИ-01 бесщеточный 400 Нм (БЕЗ АКБ и ЗУ);---;ДИОЛД;;-2
;00-00002190;АМШУ-20ЛИ-01 20 В  3000-10500 об/мин ( БЕЗ АКБ и ЗУ);---;ДИОЛД;;-4
;00-00002191;АСПЭ-20ЛИ-01 20 В бесщеточный ( БЕЗ АКБ и ЗУ);---;ДИОЛД;;-2
;00-00002192;РЭ-750-03  750 Вт,  17000 об/мин,  82 мм;---;ДИОЛД;;-2
;00-00002193;РЭ-800-01 800 Вт,  16500 об/мин, 82 мм;---;ДИОЛД;;-1
;00-00002194;Стойка для машин шлифовальных угловых С-125  от 115 мм. до 150 мм;---;ДИОЛД;;
;00-00002195;СМС-43МУ Стойка для сверлильных машин с тисками;---;ДИОЛД;;
;00-00002196;Бензиновый генератор Диолд  ГБ-3000   2800 Вт макс.3000 Вт  Объем бака 15 л;---;ДИОЛД;;-1
;00-00002198;ГРЭ-1,2-01 1200 Вт,;---;ДИОЛД;;-5
;00-00002199;ДЭА-21ЛИ-02М  бесщеточный 54 Нм Два Li-ion аккум.2,0 А/час кейс;---;ДИОЛД;;-8
;00-00002200;ДП-2,0-01  2000 Вт 6,5 кг 6000 об/мин  65 мм;---;ДИОЛД;;
;00-00002285;МШУ-1,5-02 1500 Вт  3000-9000 об/мин;---;ДИОЛД;;-3
;00-00002289;"Сверло ступенчатое по металлу 4-12 мм, TiN. HSS(M2) ""ДИОЛД""";---;ДИОЛД;;-1
;00-00002294;Машина для заточки сверл и ножей МЗС-03 М D 3-10 мм;---;ДИОЛД;;-1
;00-00002296;ДЭА 20ЛИ-03У Полуручки прав., лев п.4,5 ДИОЛД;---;ДИОЛД;;-1
;00-00002298;УЛПП-2 Диолд;---;ДИОЛД;;-1
;00-00002299;Перфоратор ПРЭГ-28-01  1050 Вт, 0-1100 об/мин, 5000 уд/мин, 3,2 Дж, 3,0 кг;---;ДИОЛД;;-9
;00-00002308;Стойка Диолд С-125;---;ДИОЛД;;-1
;00-00002309;Перфоратор ПРЭГ-26-02 900 Вт, 0-1100 об/мин, 5000 уд/мин, 3,2 Дж, 3,0 кг;---;ДИОЛД;;-1
;00-00002333;Бетономешалка Диолд БСЭ-170-02 750 Вт.;---;ДИОЛД;;
;00-00002339;Угловая шлифмашина Диолд МШУ-2,3-02;---;ДИОЛД;;-1
;00-00002340;Монтажная пила Диолд ПМ-2,2-2;---;ДИОЛД;;-1
;00-00002358;ГКЭ-1  1200 Вт. ширина 32см.;---;ДИОЛД;;-2
;00-00002359;Дисковая пила Диолд ДП-2,0-200;---;ДИОЛД;;-2
;00-00002372;Аккумулятор 20ли-08;---;ДИОЛД;;-3
;00-00002397;МЭС-5-01 550 Вт, 0-2500 об/мин;---;ДИОЛД;;-2
;00-00002399;УЛПП-2 ДИОЛД;---;ДИОЛД;;-1
;00-00002402;ПЦБ-3-58-18  2,4 кВт;---;ДИОЛД;;-2
;00-00002407;Диск шлифовальный 125 мм;---;ДИОЛД;;-7
;00-00002413;МЭС-5-04  1300Вт  0-550об/мин;---;ДИОЛД;;
;00-00002436;ЗУ-20ЛИ;---;ДИОЛД;;-1
;00-00002440;"КЗВ-125 (125 мм) ""ДИОЛД""";---;ДИОЛД;;-1
;00-00002442;ГКЭ-2 Газонокосилка ДИОЛД электрическая;---;ДИОЛД;;-1
;00-00002471;Аккумуляторная газонокосилка Диолд АГРЭ-20ЛИ-01 БЕЗ АКБ и ЗУ;---;ДИОЛД;;
;00-00002473;Насадка-лобзиковая пила НЛ-55;---;ДИОЛД;;-1
;00-00002476;Опорная тарелка на липучей основе Диолд ОТ-125 МШУ;---;ДИОЛД;;-1
;00-00002488;Бензиновый генератор Диолд ГБ-4400 Мощность 4000 Вт Макc. мощность 4400 Вт;---;ДИОЛД;;
;00-00002490;ННМ-20 ДИОЛД;---;ДИОЛД;;-2
;00-00002499;Мини-дрель (гравер) Диолд МЭД-2 МФ (40 предметов);---;ДИОЛД;;-1
;00-00002556;Перфоратор ПРЭГ-24-01 800 Вт, 0-900 об/мин, 4850 уд/мин, 2,8 Дж, 2,7 кг;---;ДИОЛД;;-2
;00-00002557;МЭСУ-1-1;---;ДИОЛД;;-1
;00-00002558;ГЭА-20ЛИ-02 (БЕЗ АКБ и ЗУ);---;ДИОЛД;;-1
;00-00002559;ДЭА-16ЛИ-01У  БЕСЩЁТОЧНЫЙ 16 В  45 Нм  Число ударов:0-6750/0-21750 уд/мин;---;ДИОЛД;;
;00-00002560;ДЭА-12Л-01  12 В  29 Нм Два Li-ion аккумулятора, 2 А/час;---;ДИОЛД;;
;00-00002562;МЭФ-1,1 1100 Вт, 0 – 31000 об/мин цанга 8 мм. ход фрезы 44мм.;---;ДИОЛД;;
;00-00002563;МЭФ-1,25 1250 Вт, 1000 – 32000 об/мин. цанга 8 мм. ход фрезы 40мм.;---;ДИОЛД;;-1
;00-00002564;ЭШ-0,56 560 Вт,  0-750 об/мин. 16 Н*м;---;ДИОЛД;;
;00-00002565;ДП-0.45МФ  450 Вт  Max. 90°  12 мм;---;ДИОЛД;;
;00-00002566;ДП-1,4-01  1400 Вт  0-55 мм;---;ДИОЛД;;-1
;00-00002567;АДП-20ЛИ-02  52мм. диск 20*165;---;ДИОЛД;;
;00-00002572;Станок рейсмусовый СТР-1700;---;ДИОЛД;;
;00-00002574;Деревообрабатывающий станок СТД-400 400 Вт,810-2480 об/мин,  макс. длина заготовки  1000 мм.;---;ДИОЛД;;
;00-00002575;ДП-1 МФ 1000 Вт, 4500 об/мин  90° 46 мм 125*22,2*1;---;ДИОЛД;;
;00-00002576;РЭ-1000-01 1000 Вт, 13000 об/мин, 82 мм,;---;ДИОЛД;;-1
;00-00002577;РЭ-900-02 900 Вт, 16000 об/мин,  82 мм;---;ДИОЛД;;-1
;00-00002578;РЭ-1100-01 С ПОДСТАВКОЙ 1100 Вт,  16000 об/мин,  82 мм;---;ДИОЛД;;
;00-00002579;МЭС-5-01 СЗП  550 Вт, 0-2500 об/мин;---;ДИОЛД;;
;00-00002580;МЭСУ-1-01 600 Вт патрон до 13 мм,  0-2800 об/мин;---;ДИОЛД;;
;00-00002581;МЭСУ-2-02 750 Вт, 0-2850 об/мин, 0-44800 уд/мин;---;ДИОЛД;;-1
;00-00002582;Отбойный молоток МЭО-2 1300 Вт, 4000 уд/мин, 22 Дж, 7,0 кг;---;ДИОЛД;;
;00-00002584;ТБ-3-43 42,7 см³;---;ДИОЛД;;-1
;00-00002594;Аппарат для сварки полипропиленовых труб ДИОЛД АСПТ-4;---;ДИОЛД;;
;00-00002629;АПЦЭ-20ли-02;---;ДИОЛД;;-2
;00-00002653;ДЭА-21ЛИ-01М¶;---;ДИОЛД;;-1
;00-00002707;"Батарея аккумуляторная универсальная 20/2.0, серия ЛИ-02С (семейка)  ""ДИОЛД""¶";---;ДИОЛД;;-1
;00-00002720;Дрель МЭСУ 1-01;---;ДИОЛД;;-1
;00-00002779;МШУ-0,95-03 1000 Вт, 10000 об/мин, 125 мм;---;ДИОЛД;;
;00-00002791;МШУ-1600-01 1600 Вт  бесщёточный, пылезащ 3000-11000об/мин плавный пуск;---;ДИОЛД;;-6
;00-00002795;ДЭА-20Л-08;---;ДИОЛД;;-1
;00-00002802;ДЭА-16Л-02  16 В 40 Нм Два Li-ion аккумулятора, емкость 2 А/час. кейс;---;ДИОЛД;;
;00-00002811;Секатор садовый аккумуляторный АСС-20ЛИ-01;---;ДИОЛД;;
;00-00002812;"Батарея аккумуляторная универсальная 20/2.0, серия ЛИ-02С (семейка)  ""ДИОЛД""";---;ДИОЛД;;
;00-00002813;"Зарядное устройство ""СЕМЕЙКА"" Выходной ток зарядки 5000 мА";---;ДИОЛД;;
;00-00002817;Шлифовальная лента;---;ДИОЛД;;-8
;00-00002834;Пильный диск по дереву 210x40Tx30 мм;---;ДИОЛД;;-1
;00-00002839;Дефлектор боковой LM 53-70;---;ДИОЛД;;-1
;00-00002842;АМШУ-20ЛИ-01 20 В  3000-10500 об/мин (кейс);---;ДИОЛД;;-1
;00-00002843;ВГВ-2-01 2000 Вт 60-350/60-600 °С  300/500 л/мин;---;ДИОЛД;;
;00-00002844;МШЛ-0,95-01 950 Вт  75x457 мм;---;ДИОЛД;;
;00-00002845;МШУ-1300-01  1300 Вт бесщёточный 11000 об/мин;---;ДИОЛД;;
;00-00002846;МЭФ-0,75 750 Вт 10000-30000 об/мин;---;ДИОЛД;;
;00-00002893;Батарея аккумуляторная универсальная 20/2.0, серия ЛИ-02С;---;ДИОЛД;;
;00-00002894;Аккумуляторный лобзик АПЛЭ-20ЛИ-01 20 В, 800-3500 ход/мин, 1,8 кг (Без АКБ и ЗУ);---;ДИОЛД;;
;00-00002957;"Мешок-пылесборникбумажныйдляПВУ-1200-30""ДИОЛД""(5шт)";---;ДИОЛД;;-1
;00-00002985;ДЭА-20 ЛИ-03У бесщеточный 20 В  90 Нм Один Li-ion 4,0 А/час кейс;---;ДИОЛД;;-1
;00-00003031;"Батарея аккум.универ.обрезин. 20/6.0, серия ЛИ-02С (семейка) ""ДИОЛД""";---;ДИОЛД;;-1
;00-00003049;МШУ-1-03  1000 Вт, 11000 об/мин;---;ДИОЛД;;
;00-00003050;МПШ-2  600 Вт Платформа: круглая,прямоугольная,дельтовидная.;---;ДИОЛД;;
;00-00003051;ДЭА-20ЛИ-02У  50 Нм число уд/обор 0-6750/0-21750 уд/мин./ 0-450/0-1450 об/мин;---;ДИОЛД;;
;00-00003060;Электроточило ЭТБ-200/125 200 Вт, 2950 об/мин, 20 м/с;---;ДИОЛД;;
;00-00003061;Перфоратор  ПРЭ-9  1500Вт. 4Дж. 5кг. 0-750 об/мин 0-3900уд/мин.;---;ДИОЛД;;
;00-00003068;Набор ключей TORX 9 шт;---;ДИОЛД;;-1
;00-00000602;Аппарат инверторный дуговой сварки DS-230 Compact, 230 А,1.6-5 мм;---;МИР Инструмента;;-1
;00-00001315;Мотоблок DPT-170, 7 л.с., ширина 85 см, глубина 35 см, фрез 3х3;---;МИР Инструмента;;-2
;00-00001345;Мотокоса DENZEL DT-43;---;МИР Инструмента;;-2
;00-00001360;Бензокоса DT-43;---;МИР Инструмента;;-3
;00-00001365;Бензокоса DT-33S;---;МИР Инструмента;;-1
;00-00001393;Мотокоса Denzel DT-33;---;МИР Инструмента;;-1
;00-00001400;Бензокоса DT-52;---;МИР Инструмента;;-2
;00-00001415;Мотоблок  DPT 270X;---;МИР Инструмента;;-1
;00-00001446;Бензогенератор DB-950 DENZEL;---;МИР Инструмента;;-2
;00-00001451;Мойка высокого давления DENZEL R-170D;---;МИР Инструмента;;-1
;00-00001541;Компрессор воздушный ДЭНЗЕЛ 1500/50;---;МИР Инструмента;;-1
;00-00001561;Генератор бензиновый PS 80 EA, 8.0 кВт, 230 В, 25 л, коннектор автоматики, электростартер Denzel;---;МИР Инструмента;;-2
;00-00001562;Генератор бензиновый БС-3500, 3.2 кВт, 230В, четырехтактный, 15 л, ручной стартер Сибртех;---;МИР Инструмента;;-2
;00-00001566;Компрессор воздушный КК-1100/22, 1, 1 кВт, 135 л/мин, 22 л, прямой привод, масляный Сибртех;---;МИР Инструмента;;-1
;00-00001577;Аппарат инверторный дуговой сварки DS-180 Compact, 180 А,1.6-4 мм;---;МИР Инструмента;;-1
;00-00001659;Мотоблок DPT-270, 7 л.с, ременное сцепление, ширина 85 см, глубина 35 см, фрез 3 х 4;---;МИР Инструмента;;-1
;00-00001684;Аппарат инверторный дуговой сварки DS-200 Compact, 200 А,1.6-5 мм;---;МИР Инструмента;;-3
;00-00001739;Мотоблок DPT-470, 7 л.с, ременное сцепление, ширина 85 см, глубина 35 см, фрез 3 х 4;---;МИР Инструмента;;-2
;00-00001780;Аппарат инверторный дуговой сварки DS-160 Compact, 160 А, 1.6-3.2 мм;---;МИР Инструмента;;-1
;00-00001796;Бензиновый генератор Дензел GE-6900;---;МИР Инструмента;;-1
;00-00001811;Генератор бензиновый PS 33, 3.3 кВт, 230 В, 15 л, ручной стартер Denzel;---;МИР Инструмента;;-4
;00-00001938;Генератор бензиновый PS 70 EA, 7.0 кВт, 230 В, 25 л, коннектор автоматики, электростартер Denzel;---;МИР Инструмента;;-3
;00-00001939;Блок автоматического запуска генератора Energomatic PS 115 Denzel;---;МИР Инструмента;;-2
;00-00001980;Фекальный насос СФН1100-Н, 1100 Вт, напор 10 м, 18000 л/ч, нож;---;МИР Инструмента;;-1
;00-00002043;Насосная станция PS800X, 800 Вт, 3200 л/ч, ресивер 24 л, подъем 38 м,;---;МИР Инструмента;;-1
;00-00002202;Генератор бенз. GE 8900, 8.5 кВт, 220 В/50 Гц, 25 л, ручной старт Denzel;---;МИР Инструмента;;
;00-00002203;Генератор бенз. LK 7500E, 6.5 кВт, 230 В, бак 25 л, электростартер Kronwerk;---;МИР Инструмента;;-1
;00-00002204;Генератор бенз. PS 25, 2.5 кВт, 230 В, 15 л, ручной стартер Denzel;---;МИР Инструмента;;
;00-00002205;Генератор бенз. PS 55 EA, 5.5 кВт, 230 В, 25 л, коннект. автомат., электростарт. Denzel;---;МИР Инструмента;;-1
;00-00002206;Генератор бензиновый PS 80 E-3, 6.6 кВт, 400 В, 25 л, электростартер Denzel;---;МИР Инструмента;;
;00-00002207;Генератор бензиновый БС-6500, 5.5 кВт, 230В, четырехтактный, 25 л, ручной стартер Сибртех;---;МИР Инструмента;;
;00-00002208;Дрель ударная ID-550, 550 Вт, 0-2900 об/мин, 46400 уд/мин Denzel;---;МИР Инструмента;;
;00-00002209;Дрель ударная ID-650, 650 Вт, 0-3000 об/мин, 48000 уд/мин Denzel;---;МИР Инструмента;;
;00-00002210;Дрель ударная ID-750, 750 Вт, 0-3000 об/мин, 48000 уд/мин Denzel;---;МИР Инструмента;;
;00-00002211;Дрель ударная ID-850, 850 Вт, 0-3000 об/мин, 48000 уд/мин Denzel;---;МИР Инструмента;;
;00-00002212;Дрель-шуруповерт аккум CDL-12-02, Li-Ion, 12 В, 1.5 А*ч, 2 аккум;---;МИР Инструмента;;
;00-00002213;Дрель-шуруповерт аккум CDL-IB-12-02, Li-Ion, 12 В, 1.5 А*ч, 2 аккум;---;МИР Инструмента;;
;00-00002214;Дрель-шуруповерт аккум CDL-IB-14-02, Li-Ion, 14 В, 1.5 А*ч, 2 аккум;---;МИР Инструмента;;
;00-00002215;Дрель-шуруповерт аккум CDL-IB-18-02, Li-Ion, 18 В, 1.5 А*ч, 2 аккум;---;МИР Инструмента;;
;00-00002216;Компрессор воздушный DK1800/50, Х-PRO 1.8 кВт, 280л/мин, 50л Denzel;---;МИР Инструмента;;
;00-00002217;Компрессор поршневой безмасляный LC 24-195 195 л/мин, 24 л, 8 Бар, 1100 Вт;---;МИР Инструмента;;
;00-00002218;Компрессор воздушный КК-1500/50, 1.5 кВт, 198 л/мин, 50 л, прямой привод, масляный Сибртех;---;МИР Инструмента;;-2
;00-00002219;Компрессор с набором КК-1500/24 ПЛЮС, 1.5 кВт, 198 л/мин, 24 л, прямой привод, масляный Сибртех;---;МИР Инструмента;;
;00-00002220;Лобзик электрический JS-110, 750 Вт, 110 мм Denzel;---;МИР Инструмента;;
;00-00002221;Лобзик электрический JS-65, 550 Вт, 65 мм Denzel;---;МИР Инструмента;;
;00-00002222;Лобзик электрический JS-80, 650 Вт, 80 мм Denzel;---;МИР Инструмента;;
;00-00002223;МШУ  AG115-750, 750 Вт, 115 мм, 11000 об/мин Denzel;---;МИР Инструмента;;
;00-00002224;МШУ AG125-1100A, 1100 Вт, 125 мм, 3000-11000 об/мин Denzel;---;МИР Инструмента;;-1
;00-00002225;МШУ AG150-1500, 1500 Вт, 150 мм, 8500 об/мин Denzel;---;МИР Инструмента;;
;00-00002226;МШУ   AG180-2000, 2000 Вт, 180 мм, 8500 об/мин Denzel;---;МИР Инструмента;;
;00-00002227;МШУ  AG180-2000, 2000 Вт, 180 мм, 8500 об/мин Denzel;---;МИР Инструмента;;
;00-00002228;МШУ  AG230-2400, 2400 Вт, 230 мм, 6000 об/мин Denzel;---;МИР Инструмента;;
;00-00002229;МШУ  AG230-2600, 2600 Вт, 230 мм, 6000 об/мин Denzel;---;МИР Инструмента;;
;00-00002230;Миксер строительный EM-1-1220, 1220 Вт, 0-480/0-800 об/мин Denzel;---;МИР Инструмента;;
;00-00002231;Моечная машина высокого давления R-110, 1500 Вт, 110 бар, 5,7 л/мин, переносная Denzel;---;МИР Инструмента;;
;00-00002232;Моечная машина высокого давления R-135, 1800 Вт, 135 бар, 6 л/мин, колесная Denzel;---;МИР Инструмента;;
;00-00002233;Моечная машина высокого давления R-210iD, 2600 Вт, 210 бар, 8.0 л/мин, асинхронный двигатель, бараба;---;МИР Инструмента;;-1
;00-00002234;"Мотопомпа бензиновая высоконапорная PX-50H, 7 л.с, 2"", 600 л/мин, глубина 8 м, напор 65 м Denzel";---;МИР Инструмента;;
;00-00002235;"Мотопомпа бензиновая для чистой воды PX-50, 7 л.с, 2"", 600 л/мин, глубина 8 м, напор 30 м Denzel";---;МИР Инструмента;;
;00-00002236;"Мотопомпа бензиновая для чистой воды PX-80, 7 л.с, 3"", 1000 л/мин, глубина 8 м, напор 30 м Denzel";---;МИР Инструмента;;
;00-00002237;Насосная станция KRONWERK KPS650 Высота подъема: 35 м Мощность: 650 Вт    Объем бака: 19 л;---;МИР Инструмента;;-1
;00-00002238;Насосная станция PS1000Х, 1000 Вт, 3500 л/ч, ресивер 24 л, подъем 44 м, нержавейка Denzel;---;МИР Инструмента;;
;00-00002239;Насосная станция PSХ1300, Х-Pro, 1300 Вт, 4500 л/ч, ресивер 24 л, подъем 48 м Denzel;---;МИР Инструмента;;
;00-00002240;Насосная станция PSХ950X, Х-Pro, 950 Вт, 3300 л/ч, ресивер 24 л, подъем 38 м, нержавейка Denzel;---;МИР Инструмента;;
;00-00002241;Насосная станция эжекторная PSD800C, 800 Вт, 2400 л/ч, ресивер 24 л, всасывание 20 м Denzel;---;МИР Инструмента;;
;00-00002242;Отвертка аккумуляторная CSL-3.6-02, Li-Ion, 3.6 В, 1.3 А*ч;---;МИР Инструмента;;
;00-00002243;Перфоратор электрический RH-400-12, SDS-plus, 400 Вт, 1.2 Дж, 2 режима Denzel;---;МИР Инструмента;;
;00-00002244;Перфоратор электрический RH-650-18, SDS-plus, 650 Вт, 2.0 Дж, 3 плюс 1 режим;---;МИР Инструмента;;
;00-00002245;Перфоратор электрический RH-750-24, SDS-plus, 750 Вт, 2.5 Дж, 3 режима;---;МИР Инструмента;;
;00-00002246;Перфоратор электрический RHV-1100-26, SDS-plus, 1100 Вт, 4 Дж, 3 режима;---;МИР Инструмента;;
;00-00002247;Перфоратор электрический RHV-1250-30, SDS-plus, 1250 Вт, 5 Дж, 3 плюс 1 режим;---;МИР Инструмента;;
;00-00002248;Пила цепная бензиновая DGS-4516, шина 40 см, 45 см3, 3 л.с, шаг 3/8, паз 1.3 мм, 57 звеньев Denzel;---;МИР Инструмента;;
;00-00002249;Пила цепная бензиновая DGS-5218, шина 45 см, 52 см3, 3.5 л.с, шаг 0.325, паз 1.5 мм, 72 звена Denzel;---;МИР Инструмента;;
;00-00002250;Пила цепная бензиновая DGS-5820, шина 50 см, 58 см3, 4.1 л.с, шаг 0.325, паз 1.5 мм, 76 звеньев Denz;---;МИР Инструмента;;
;00-00002251;Пила цепная бензиновая ПЦБ-5850, шина 50 см, 58 см3, 4.0 л.с, шаг 0.325, паз 1.5 мм, 76 звен Сибртех;---;МИР Инструмента;;
;00-00002252;Пила циркулярная CS-210, 1800 Вт, 210 мм Denzel 73мм;---;МИР Инструмента;;
;00-00002253;Рубанок электрический EP-82, 720 Вт, 82 мм Denzel;---;МИР Инструмента;;
;00-00002254;Садовый поверхностный насос GP 1000Х, 1000 Вт, 3500 л/ч, подъем 44 м, нержавейка Denzel;---;МИР Инструмента;;
;00-00002255;Садовый поверхностный насос GP1100C, 1100 Вт, 4500 л/ч, подъем 46 м, чугун Denzel;---;МИР Инструмента;;
;00-00002256;Садовый поверхностный насос GP 600, 600 Вт, 3000 л/ч, подъем 35 м, пластик Denzel;---;МИР Инструмента;;
;00-00002257;Садовый поверхностный насос Kronwerk KGP850, 850 Вт, 3200 л/ч, подъем 40 м, чугун;---;МИР Инструмента;;
;00-00002258;"Скважинный насос DWC-4-140, центробежный, диаметр 4"", 2000 Вт, 6000 л/ч, напор 140 м Denzel";---;МИР Инструмента;;
;00-00002259;"Скважинный насос DWC-4-80, центробежный, диаметр 4"", 1500 Вт, 5700 л/ч, напор 80 м Denzel";---;МИР Инструмента;;
;00-00002260;"Скважинный насос DWS-4-100, винтовой, диаметр 4"", 800 Вт, 1700 л/ч, напор 100 м Denzel";---;МИР Инструмента;;-4
;00-00002261;"Скважинный насос DWS-4-150, винтовой, диаметр 4"", 1300 Вт, 2000 л/ч, напор 150 м Denzel";---;МИР Инструмента;;-1
;00-00002262;Станок для крепления дрели с тисками Sparta;---;МИР Инструмента;;
;00-00002263;Станок сверлильный Denzel DDM-350-5 350 Вт, , 2720 об/мин, количество скоростей 5;---;МИР Инструмента;;
;00-00002264;Триммер электрический TE-1400, 1400 Вт, 420 мм, катушка + диск, разборная штанга Denzel;---;МИР Инструмента;;
;00-00002265;Фекальный насос СФН450, 450 Вт, напор 15 м, 21000 л/ч Сибртех;---;МИР Инструмента;;
;00-00002266;Фекальный насос СФН750, 750 Вт, напор 16 м, 22000 л/ч Сибртех;---;МИР Инструмента;;-2
;00-00002267;Фен технический HG-1800, 1800 Вт, 3 режима Denzel;---;МИР Инструмента;;
;00-00002268;Фен технический HG-2000M, 2000 Вт, 3 режима Denzel;---;МИР Инструмента;;
;00-00002269;Шланг пневматический ПВХ, 10 x 16 мм, 18 бар, армированный, прозрачный, быстросъемное соединение, 30;---;МИР Инструмента;;
;00-00002270;Шланг пневматический резиновый, 10 x 16 мм, 24 бар, армированный, быстросъемное соединение, 20 м Ste;---;МИР Инструмента;;
;00-00002271;Генератор бензиновый БС-1200, 1 кВт, 230 В, четырехтактный, 5.5 л, ручной стартер Сибртех;---;МИР Инструмента;;
;00-00002272;Генератор бензиновый LK-950, 0.8 кВт, 230 В, 2-х тактный двигатель, 4 л, ручной стартер Kronwerk;---;МИР Инструмента;;
;00-00002273;Насосная станция НС850-П, 850 Вт, напор 42 м, 3500 л/ч, ресивер 19 л Сибртех;---;МИР Инструмента;;
;00-00002274;"Скважинный насос DWS-3-75, винтовой, диаметр 3"", 500 Вт, 1600 л/ч, напор 75 м Denzel";---;МИР Инструмента;;
;00-00002275;Дренажный насос DP1400X, 1400 Вт, подъем 11 м, 25000 л/ч Denzel;---;МИР Инструмента;;
;00-00002276;Фекальный насос СФН1100-Н, 1100 Вт, напор 10 м, 18000 л/ч, нож Сибртех;---;МИР Инструмента;;
;00-00002341;Аппарат инвертор. дуговой сварки SDM-220 Top, 220 А, ПВ 60% кейс// Denzel;---;МИР Инструмента;;-1
;00-00002371;Мотобур DX-52, объём двигателя 52 см3;---;МИР Инструмента;;
;00-00002393;Насосная станция НС650-П, 650 Вт, напор 37 м, 3200 л/ч, ресивер 19 л Сибртех;---;МИР Инструмента;;-1
;00-00002394;Триммер электрический TE-1400, 1400 Вт, 420 мм, катушка + диск, разборная штанга Denzel;---;МИР Инструмента;;-1
;00-00002417;Бензиновая снегоуборочная машина SB 560 LP, 7л/с, электростартер, фара,высота 430мм ширина 560мм;---;МИР Инструмента;;
;00-00002418;Бензиновая снегоуборочная машина SB 560, 7л/с, ручной старт высота 430мм ширина 560мм;---;МИР Инструмента;;
;00-00002487;Генератор бензиновый c, 6,6 кВт, 230В, четырехтактный, 25 л, ручной стартер Сибртех;---;МИР Инструмента;;
;00-00002528;Генератор бензиновый БС-3500Э, 3.2 кВт, 230В, четырехтактный, 15 л, электростартер Сибртех;---;МИР Инструмента;;
;00-00002529;Тепловая пушка, керамический нагреватель (тепловентилятор) DHC 5-400, 230 В, 3/5 кВт  Denzel;---;МИР Инструмента;;
;00-00002530;Тепловая пушка, керамический нагреватель (тепловентилятор) DHC 2-100, 230 В,1/2 кВт 20м² Denzel;---;МИР Инструмента;;-1
;00-00002531;Тепловая пушка, керамический нагреватель (тепловентилятор) DHC 3-150, 230 В, 1.5/3 кВт 40м² Denzel;---;МИР Инструмента;;-1
;00-00002532;Газовая тепловая пушка GHG-10, 10 кВт, 300 м3/ч, 100м² пропан-бутан Denzel;---;МИР Инструмента;;
;00-00002533;Газовая тепловая пушка GHG-15, 15 кВт, 500 м3/ч, 150м²  пропан-бутан Denzel;---;МИР Инструмента;;
;00-00002534;Газовая тепловая пушка GHG-30, 30 кВт, 900 м3/ч,300м² пропан-бутан Denzel;---;МИР Инструмента;;
;00-00002592;Транспортировочный комплект;---;МИР Инструмента;;-1
;00-00002609;ПЦБ-5850;---;МИР Инструмента;;-1
;00-00002640;"Скважинный насос DWS-3,5-100, винтовой, диаметр 3,5"", 800 Вт, 1700 л/ч, напор 100 м// Denzel";---;МИР Инструмента;;
;00-00002642;"Скважинный насос СНВ-3,5-90, винтовой, диаметр 3,5"", 700 Вт, 1500 л/ч, напор 90 м// Сибртех";---;МИР Инструмента;;
;00-00002643;"Скважинный насос CНЦ-3-65, центробежный, диаметр 3"", 800 Вт, 2800 л/ч, напор 65 м// Сибртех";---;МИР Инструмента;;-1
;00-00002875;Генератор бензиновый PS 90 EA, 9.0 кВт, 230В, 25 л, коннектор автоматики, электростартер Denzel;---;МИР Инструмента;;-1
;00-00002876;Генератор бензиновый БС-8000, 6,6 кВт, 230В, четырехтактный, 25 л, ручной стартер Сибртех;---;МИР Инструмента;;
;00-00002877;Генератор бензиновый GE 6900, 5.5 кВт, 220 В/50 Гц, 25 л, ручной старт Denzel;---;МИР Инструмента;;-1
;00-00002878;Генератор бензиновый GE 7900, 6.5 кВт, 220 В/50 Гц, 25 л, ручной пуск Denzel;---;МИР Инструмента;;
;00-00002879;Генератор бензиновый PS-33E, 3.3 кВт, 230В, 15 л, электростартер Denzel;---;МИР Инструмента;;-3
;00-00002882;Транспортировочный комплект (колеса и ручки) для генераторов PS-25, PS-28, PS-33, PS-33E Denzel;---;МИР Инструмента;;
;00-00002892;Пылесос строительный RVC30, 1400 Вт, бак 30 л, шланг 3 м, розетка с автосинхр. Denzel;---;МИР Инструмента;;-1
;00-00002938;Шнек для грунта ER-200, диаметр 200 мм, длина 800 мм,соединение 20 мм, съемный нож Denzel;---;МИР Инструмента;;
;00-00002973;Дренажный насос DPХ950, Х-Pro, 950 Вт, подъем 8.5 м, 15500 л/ч Denzel;---;МИР Инструмента;;
;00-00003048;Измельчитель садовый электрический ECS-2500, 2500 Вт, 45 мм Denzel;---;МИР Инструмента;;
;00-00002110;ПК DEXP;---;Материалы;;
;00-00002111;ИБП;---;Материалы;;
;00-00002112;Клавиатура проводная;---;Материалы;;
;00-00002113;Мышь проводная;---;Материалы;;
;00-00000286;Воздуходувка профессиональная BR-500;---;DDE;;
;00-00000351;Бензопила DDE CS 3816 1,56 кВт;---;DDE;;-1
;00-00000378;Топор-колун DDE Dynamic AXE14 длина 355мм. вес 570гр.;---;DDE;;1
;00-00000631;Газонокосилка бензиновая DDE LM 53-70 DE (7,0 л.с. шир 53 см выс 25-70 мм сборник самоход элстарт);---;DDE;;-2
;00-00000805;Топор-колун DDE Dynamic AXE24 длина 595мм. вес 1170гр.;---;DDE;;-10
;00-00000863;Топор-колун DDE Dynamic AXE18  длина 455мм  вес 950гр.;---;DDE;;-4
;00-00001100;Изу-10;---;DDE;;-1
;00-00001367;Канистра DDE для ГСМ, 5 л;---;DDE;;-4
;00-00001528;Топор-колун DDE Dynamic AXE28  длинна 710мм. вес 1550гр.;---;DDE;;-1
;00-00001574;Емкость мерная DDE;---;DDE;;-7
;00-00001679;Газонокосилка  DDE LM 53-70 D;---;DDE;;-8
;00-00001680;Газонокосилка DDE LM 51-60D;---;DDE;;-4
;00-00001696;ВАЛ ГИБКИЙ С ВИБРОНАКОНЕЧНИКОМ DDE ZX35 2 М;---;DDE;;-1
;00-00001697;ВИБРАТОР ГЛУБИННЫЙ DDE VD1330Z;---;DDE;;-1
;00-00001745;Канистра DDE для ГСМ 10л;---;DDE;;-5
;00-00002007;Газонокосилка бензиновая DDE-LM 53-70 D  (7,0 л.с. шир 53 см выс 25-70 мм сборник самоход);---;DDE;;-12
;00-00002361;Триммер бензиновый DDE GB26RD (1,1 кВт/1,5 л.c. 26 куб. см);---;DDE;;-3
;00-00002378;"НОЖ ДЛЯ ГАЗОНОКОСИЛКИ UNIVERSAL DDE MULCH 20""/51 СМ,";---;DDE;;-1
;00-00002395;Триммер электрический DDE ET 1300;---;DDE;;-1
;00-00002406;Газонокосилка бензиновая DDE LM 51-60 D ( самоход, 51cм, DDE 173 куб.см., 6л.с, 60л,;---;DDE;;-2
;00-00002429;"Снегоуборщик бензиновый DDE ST6555 (6,5 л.с., ширина 56 см, скор. +4/-1, колеса 13"")";---;DDE;;
;00-00002466;"Бензопила DDE CS250-12""  1,1 кВт";---;DDE;;-1
;00-00002467;Бензопила DDE CS5018 2,1 кВт;---;DDE;;
;00-00002521;Топор-колун DDE Dynamic AXE 32 длинна 800мм. вес 2255гр.;---;DDE;;-1
;00-00002620;Пила цепная электрическая DDE CSE160   (1,6 кВт, шина 35 см, цепь 3/8PM-52-1,3);---;DDE;;
;00-00002621;Пила цепная электрическая DDE CSE210   (2,1 кВт, шина 40 см, цепь 3/8PM-57-1,3);---;DDE;;-1
;00-00002622;Пила цепная электрическая DDE CSE250   (2,5 кВт, шина 45 см, цепь 3/8PM-62-1,3);---;DDE;;
;00-00002648;Электрический триммер DDE ET1300R;---;DDE;;-2
;00-00002748;Газонокосилка бензиновая DDE LM 46-60 DE предоплата;---;DDE;;-2
;00-00002768;Газонокосилка бензиновая DDE LM 46-60 DE;---;DDE;;-2
;00-00002805;Культиватор бензиновый DDE Пегас  4,5 л.с., дв-ль 113 см куб., 4 т, шир. до 45 см, глуб. 25 см;---;DDE;;-3
;00-00002900;Пила цепная электрическая DDE CSE230   (2,3 кВт, шина 40 см, цепь 3/8PM-57-1,3);---;DDE;;-2
;00-00002901;Триммер электрический DDE ET650 (650 Вт ниж двиг 4 регулировки);---;DDE;;
;00-00002947;Газонокосилка электрическая DDE LME 3212 (шир 32 см 1,2 кВт выс 25-60 мм сборник);---;DDE;;-1
;00-00002959;Триммер бензиновый разъёмный (изогнутый вал) DDE GT250L (0,75 кВт/1 л.c., 25 куб. см, тр. головка, 4;---;DDE;;-3
;00-00002960;Газонокосилка электрическая DDE LME 3313 (шир 33 см 1,3 кВт выс 20-65 мм сборник);---;DDE;;
;00-00002961;Газонокосилка электрическая DDE LME 3516 (шир 35 см 1,6 кВт выс 25-65 мм сборник);---;DDE;;
;00-00002962;Газонокосилка бензиновая DDE LM 51-60 DE (6,0 л.с. шир 51 см выс 25-75 мм сборник самоход элстарт);---;DDE;;
;00-00000414;УШМ-040 1000 Вт  0-11000 об/мин;---;ДИФМАШ;;-5
;00-00000914;УШМ-030  950Вт  11000 об/мин;---;ДИФМАШ;;-3
;00-00000919;шуруповерт ША-18-02 Дифмаш;---;ДИФМАШ;;-14
;00-00001236;Дрель ДЭУ-030 900Вт.0-2800 об/мин.Патрон 13 мм.;---;ДИФМАШ;;
;00-00001331;Рубанок Дифмаш ЭР-020  850Вт 16000 об/мин. глуб.до 2мм.;---;ДИФМАШ;;-2
;00-00001509;Шуруповерт Дифмаш ША-18-02;---;ДИФМАШ;;-3
;00-00001721;МШУ Дифмаш 050   1500Вт 150мм;---;ДИФМАШ;;-1
;00-00002728;Лобзик Дифмаш ЛП-010;---;ДИФМАШ;;
;00-00001333;Блок питания для ДЭА-14-ли01;---;Запчасти ДИОЛД;;-6
;00-00001366;Якорь ДП-1,3;---;Запчасти ДИОЛД;;-2
;00-00001508;Валик ведущий в сборе  МШЛ 0,8/0.95;---;Запчасти ДИОЛД;;-1
;00-00001551;Якорь ПЛЭ-1-04;---;Запчасти ДИОЛД;;-4
;00-00001875;Якорь МСУ 6-01;---;Запчасти ДИОЛД;;-1
;00-00002070;Шлифовальная платформа Диолд для МЭВ;---;Запчасти ДИОЛД;;-1
;00-00002119;Якорь  для МШУ 0,95-01;---;Запчасти ДИОЛД;;-1
;00-00002287;Якорь МЭФ 1,25;---;Запчасти ДИОЛД;;-1
;00-00002468;Якорь МШУ 1,2-01;---;Запчасти ДИОЛД;;-1
;00-00002481;Якорь МШУ  1,0;---;Запчасти ДИОЛД;;-1
;00-00002495;Шестерни к-т Диолд;---;Запчасти ДИОЛД;;-1
;00-00002496;Фиксатор в сборе Диолд;---;Запчасти ДИОЛД;;-1
;00-00002522;Клавиша включения УШМ Диолд;---;Запчасти ДИОЛД;;-2
;00-00002652;Цепная мини пила;---;Запчасти ДИОЛД;;-2
;00-00000151;Комбо набор;---;Champion;;-12
;00-00000153;Триммер Чемпион Т525-2;---;Champion;;-1
;00-00000281;Мотокоса CHAMPION T444 S-2  1,6 кВт / 7,0 кг;---;Champion;;-70
;00-00000402;Триммер CHAMPION  Т252  0,75 кВт / 5,2 кг / 25,4 см3;---;Champion;;-7
;00-00000411;Мотокоса CHAMPION Т 338S-2  0,9 кВт / 6,2 кг / 32,6 см3;---;Champion;;-31
;00-00000459;ВОЗДУХОДУВКА CHAMPION GBR357;---;Champion;;-1
;00-00000626;Мотокоса CHAMPION T 333S-2  0,9 кВт / 6,2 кг / 32,6 см3;---;Champion;;-49
;00-00000648;Газонокосилка CHAMPION LM5131 (4,1 л/с привод 500мм 60л 25-75мм 1рычаг/7, 33кг 3в1);---;Champion;;-13
;00-00000652;Бензокоса Champion T333S-2;---;Champion;;-18
;00-00000729;Бензокоса Champion T433-2;---;Champion;;-5
;00-00001000;Бензокоса Т-433;---;Champion;;-1
;00-00001045;Газонокосилка CHAMPION LM5345;---;Champion;;-1
;00-00001101;Бензокоса Champion T523-2;---;Champion;;-4
;00-00001143;Бензопила CHAMPION 240 1,7 кВт / 40 см / 4,3 кг;---;Champion;;-15
;00-00001153;Электрическая цепная пила CHAMPION 120-14  2кВт;---;Champion;;-10
;00-00001163;Комбо  набор РМ 50;---;Champion;;-9
;00-00001166;Двигатель Champion G200-1HK;---;Champion;;-1
;00-00001490;Бензотриммер T 262;---;Champion;;-1
;00-00001501;Комбо набор Чемпион (шина+2 цепи);---;Champion;;-5
;00-00001622;Комбо набор Чемпион 14 3/8 1,3 50;---;Champion;;-1
;00-00001705;Газонокосилка CHAMPION LM4630;---;Champion;;-1
;00-00001722;Бензокоса Champion T338S-2;---;Champion;;-17
;00-00001732;Мотокоса CHAMPION T 528S-2  1.47 кВт / 6,7 кг / 51,7 см3;---;Champion;;-6
;00-00002044;Мотокоса CHAMPION Т 438S-2 1,25 кВт / 6,6 кг / 42,7 см3;---;Champion;;-2
;00-00002325;Масленка пластиковая CHAMPION со смазкой;---;Champion;;
;00-00002548;Бензопила CHAMPION 251-18 2,3 кВт / 45 см / 5,6 кг;---;Champion;;-5
;00-00002588;Мотокоса CHAMPION T 256-2  0,75 кВт / 5,8 кг / 25,4 см3;---;Champion;;-9
;00-00002625;Ножницы электрические CHAMPION HTE 410    520 Вт      410 мм / 2,1 кг;---;Champion;;
;00-00002636;Бензопила CHAMPION 362-18;---;Champion;;-1
;00-00002637;Бензопила CHAMPION 254-18 PRO  2,5 кВт / 45 см / 5,1 кг;---;Champion;;-1
;00-00002638;Бензопила CHAMPION 362-18 PRO  2,6 кВт / 45 см / 5,2 кг;---;Champion;;-1
;00-00002709;Электрический триммер CHAMPION ET1004A  1000Вт;---;Champion;;-2
;00-00002729;Аккумуляторный опрыскиватель CHAMPION SA16;---;Champion;;
;00-00002780;Воздуходувка Champion GB227 Мощность (кВт) 0.7  26 см³  Max объем воздуха:720 м³/ч 60 м/с;---;Champion;;-2
;00-00002781;Воздуходувка-измельчитель Champion GBV327S 0,7 кВт 26 см³ 3.9 кг Max объем воздуха:720 м³/ч;---;Champion;;
;00-00002782;Воздуходувка Champion GBR333   0,9 кВт 32.6 см³  6.4 кг Max объем воздуха:800 м³/ч;---;Champion;;
;00-00002784;Воздуходувка Champion GBR357  2.5кВт 9.2 кг 56.5 см³  1080 м³/ч 99.4 м/с;---;Champion;;-2
;00-00002822;Бензопила  CHAMPION A256-15  2,5кВт  5,6кг;---;Champion;;-2
;00-00002946;Мотокоса CHAMPION T 256 0,75 кВт / 5,8 кг / 25,4 см3;---;Champion;;-3
;00-00002948;Эл. газонокосилка Чемпион EM3411;---;Champion;;-1
;00-00003027;Мотокоса Чемпион T 463S-2;---;Champion;;-1
;00-00002437;WORTEX AG 1209-3  (900 Вт, диск 125х22 мм, пылезащита, шариковые подшипники, 5 кругов в ПОДАРОК;ДИОЛД;WORTEX;;-2
;00-00002443;WORTEX AG 1213-3 E в кор. (1300 Вт, диск 125х22 мм, регул. об.);ДИОЛД;WORTEX;;
;00-00002444;WORTEX AG 1209  (900 Вт, диск 125х22 мм, пылезащита, шариковые подшипники, тонкая рукоятка 52 мм.;ДИОЛД;WORTEX;;
;00-00002446;WORTEX LX AG 1207-4 в кор. (650 Вт, 125х22,2 мм, 12 000 об/мин);ДИОЛД;WORTEX;;
;00-00002447;WORTEX AG 1207-6 в кор. 750 Вт, 125 мм, 0-11000 об/мин (рег.об., пылезащи;ДИОЛД;WORTEX;;-4
;00-00002448;WORTEX LX AG 1211-2  1100 Вт, 125 мм, 5500-11000 об/мин (шариковый подшипник, лабиринтное уплотнение;ДИОЛД;WORTEX;;-21
;00-00002449;WORTEX AG 1210-1 (1000 Вт, диск 125х22 мм, бронированный ротор и статор);ДИОЛД;WORTEX;;-1
;00-00002450;Щеточная шлифмашина WORTEX WS 1014 S  (1400 Вт, 100 х 120 мм, 1000 -3000 об/мин, регул. об.);ДИОЛД;WORTEX;;
;00-00002451;Эксцентриковая шлифмашина WORTEX LX RS 1225 (240 Вт,125 мм,12000 об/мин,;ДИОЛД;WORTEX;;-1
;00-00002452;Эксцентриковая шлифмашина WORTEX LX RS 1230 (280 Вт, 125 мм, 6000 - 13000 об/мин);ДИОЛД;WORTEX;;-1
;00-00002453;Эксцентриковая шлифмашина WORTEX RS 1235 E (320 Вт, 125 мм, 6000 - 13000 кол/мин, регул. об.);ДИОЛД;WORTEX;;-2
;00-00002454;Эксцентриковая шлифмашина WORTEX RS 1250-1 AE (450 Вт, 150 мм, 10000 - 26000 кол/мин, регул. об.);ДИОЛД;WORTEX;;
;00-00002455;Щетка с нейлоновой щетиной 100х120 мм P80 WORTEX (диаметр 120 мм, ширина 100 мм);ДИОЛД;WORTEX;;
;00-00002456;Щетка нейлоновая 120х100 мм P80 WORTEX (диаметр 120 мм, ширина 100 мм);ДИОЛД;WORTEX;;
;00-00002457;Щетка лепестковая 100х120 мм P80 WORTEX (диаметр 120 мм, ширина 100 мм);ДИОЛД;WORTEX;;
;00-00002458;Щетка комбинированная лепестковая/нейлоновая 100х120 мм P120 WORTEX (диаметр 120 мм, ширина 100 мм);ДИОЛД;WORTEX;;
;00-00002474;Полир.машина WORTEX PM 1810 SE кейс.700 Вт, 2000-6400 об/мин,150 мм, регул.об.плав.пуск, эксцентрик;ДИОЛД;WORTEX;;
;00-00002512;WORTEX AG 1213-4 1200 Вт, диск 125х22 мм, пылезащита, шариковые подшипники, регулировка обор;ДИОЛД;WORTEX;;-1
;00-00002513;WORTEX AG 1213 в кор. 1250 Вт, диск 125х22 мм, регул. об.;ДИОЛД;WORTEX;;
;00-00002514;WORTEX AG 1211-1 E в кор. 1100 Вт, диск 125х22 мм, регул. об.;ДИОЛД;WORTEX;;-2
;00-00002515;Станок точильно-шлифовальный WORTEX BG 1535 L  250 Вт, 2950 об/мин, лента 685х50 мм, круг 150;ДИОЛД;WORTEX;;
;00-00002516;Сабельная пила WORTEX SR 1508-1 E в кор. + 2 пильных полотна (800 Вт, дерево до 150 мм, металл до 12;ДИОЛД;WORTEX;;-1
;00-00002517;Сабельная пила WORTEX SR 2313 E в кор. + 2 пильных полотна (1100 Вт, ход пилки 28 мм, дерево до 230;ДИОЛД;WORTEX;;
;00-00002518;Шлифлента 50х685 мм P80 бесконечная 3шт. для станка WORTEX;ДИОЛД;WORTEX;;
;00-00002519;Шлифлента 50х685 мм P120 бесконечная 3шт. для станка WORTEX;ДИОЛД;WORTEX;;-4
;00-00002520;Шлифлента 50х685 мм P40 бесконечная 3шт. для станка WORTEX;ДИОЛД;WORTEX;;
;00-00002696;Эксцентриковая шлифмашина WORTEX LX RS 1245-1 E в кор. 450 Вт, 125 мм, 3000-13000 об/мин;ДИОЛД;WORTEX;;
;00-00002717;Торцовочная пила WORTEX MS 2520-1 LMO в кор. 2000 Вт, 255 мм, глуб. до 90 мм, шир. до 340 мм, лазер;ДИОЛД;WORTEX;;-2
;00-00002718;Торцовочная пила WORTEX MS 2116 LMO в кор. 1700 Вт, 210 мм, глуб. до 65 мм, шир. до 340 мм, лазер;ДИОЛД;WORTEX;;
;00-00002723;Лобзик WORTEX JS 6507 LE  650 Вт, 500-3000 ход/мин, пропил до 65 мм (Быстрозажим;ДИОЛД;WORTEX;;
;00-00002724;Лобзик WORTEX JS 7008 LE  710 Вт, 800-3000 ход/мин, пропил до 70 мм. (Маятниковы;ДИОЛД;WORTEX;;
;00-00002725;Лобзик WORTEX JS 8008-2 LE  850 Вт, 0-3000 ход/мин, пропил до 80 мм.;ДИОЛД;WORTEX;;
;00-00002726;Лобзик WORTEX LX JS 5505 E  500 Вт, 0-3000 ход/мин, пропил до 55 мм.;ДИОЛД;WORTEX;;-2
;00-00002727;Рубанок  WORTEX PL 3008 в кор. 810 Вт, шир. до 82 мм, глуб. до 3.0 мм;ДИОЛД;WORTEX;;
;00-00002735;Торцовочная пила комбинированная WORTEX MS 2112 LMB в кор. 1200 Вт, 210 мм, глуб. 55, стол 30 мм (12;ДИОЛД;WORTEX;;
;00-00002750;WORTEX LX AG 2326-4 в кор. (2000 Вт, 6500 об/мин, поворот.рукоятка) (133354;ДИОЛД;WORTEX;;-2
;00-00002751;WORTEX AG 2326-2 в кор. 2100 Вт, 230 мм, 6500 об/мин. (Плавный пуск, поворо;ДИОЛД;WORTEX;;-1
;00-00002752;WORTEX AG 1512 E в кор. 1400 Вт, 150 мм, 0-11000 об/мин (рег. об., пылезащ;ДИОЛД;WORTEX;;-1
;00-00002753;WORTEX LX AG 1512-1 в кор. (1200 Вт, 10 000 об/мин) (1333548);ДИОЛД;WORTEX;;-2
;00-00002759;Циркулярная пила WORTEX CS 1915 в кор. 1500 Вт, 190 мм, до 67 мм (CS191500019);ДИОЛД;WORTEX;;-3
;00-00002760;Циркулярная пила WORTEX CS 2175 в кор. 1900 Вт, 210 мм, до 75 мм ((90°/45°) 75/53 мм);ДИОЛД;WORTEX;;
;00-00002761;Дрель ударная WORTEX DS 1307-1 в кор. (800 Вт);ДИОЛД;WORTEX;;
;00-00002762;Дрель ударная WORTEX DS 1308 в кор. 650 Вт, 1 скор, 25 мм в дер. (Быстрозажимной паторон) (DS1308000;ДИОЛД;WORTEX;;-1
;00-00002763;Дрель ударная WORTEX DS 1611 в кор. 950 Вт, 1 скор, 30 мм в дер. (Быстрозажимной патрон) (DS16110002;ДИОЛД;WORTEX;;-1
;00-00002764;Дрель ударная Wortex LX DS 1308-1 в кор. 800 Вт, 1 скор., 25 мм в дер. (0329087);ДИОЛД;WORTEX;;
;00-00002796;"Аккум. пила цепная WORTEX CEC 3536-1 шина 35 см (14""), 3/8"" LP, 1.3 мм  (БЕСЩЕТ.ДВИГ., БЕЗ";ДИОЛД;WORTEX;;
;00-00002803;Аккум. ножницы садовые WORTEX SG 1820 в кор. + насадка-кусторез ALL1 SOLO (Длина ножа (кусторез) 150;ДИОЛД;WORTEX;;-1
;00-00002814;"Аккум. мини-пила WORTEX LX CEC 2518-1 кейс. акб 1*2а/ч, з/у 18В, 4""";ДИОЛД;WORTEX;;-2
;00-00002816;Набор аккумулятор 2х4 А*ч и зарядное устройство 2х2 А WORTEX ALL1;ДИОЛД;WORTEX;;
;00-00002819;Пылесос WORTEX VC 3016 WS в кор. 1400 Вт, 30 л, провод 4.5 м, шланг 2 м (с доп. розеткой, 5,2 кг);ДИОЛД;WORTEX;;-1
;00-00002830;Аккум. дрель-шуруповерт WORTEX BD 2025-1 DLi в чем. БЕСЩЕТ, 18 В, 50 Н*м, 2х1,5 А*ч, БЗП 10 мм;ДИОЛД;WORTEX;;
;00-00002833;Аккум. дрель-шуруповерт WORTEX BD 2025-1 DLi в кор. ALL1 SOLO БЕСЩЕТ., 18 В, 50 Н*м;ДИОЛД;WORTEX;;-1
;00-00002864;Аккум. УШМ  WORTEX LX CAG 1812-1 E БЕСЩЕТ., 18 В, 125 мм, 8000 об/мин (рег. об.) БЕЗ АКБ И ЗУ;ДИОЛД;WORTEX;;
;00-00002865;Аккум. УШМ  WORTEX LX CAG 1812-1 E БЕСЩЕТ., 18 В, 125 мм, 8000 об/мин (рег. об.);ДИОЛД;WORTEX;;-2
;00-00002866;Аккум. секатор WORTEX CBS 2535-1 в чем. БЕСЩЕТ., 18 В, ветки до 35 мм, 1х2 А*ч зарядное кейс;ДИОЛД;WORTEX;;
;00-00002867;Аккум. секатор WORTEX CBS 2535-1  БЕСЩЕТ., 18 В, ветки до 35 мм (БЕЗ АКБ и ЗУ);ДИОЛД;WORTEX;;
;00-00002868;Аккум. кусторез WORTEX DB 5218  1*2а/ч  зу, 18В, 570 мм, шаг 16 мм;ДИОЛД;WORTEX;;
;00-00002883;Триммер аккум. WORTEX TB 3018-1 AT (БЕСЩЁТ.ДВИГ.,18В, БЕЗ АКБ И ЗУ, шир.скаш.300 мм,;ДИОЛД;WORTEX;;-2
;00-00002884;Триммер аккум. WORTEX TB 3018-1 AT с акб и зу  (БЕСЩЁТ.ДВИГ., 18В, 1 акк., 2 Ач.;ДИОЛД;WORTEX;;-4
;00-00002890;Циркулярная пила WORTEX CS 1916 L в кор. 1600 Вт, 190 мм, до 65 мм, лазер, литье;ДИОЛД;WORTEX;;-2
;00-00002897;Аккум. уничтожитель насекомых WORTEX CBZ 1825 18В, 10 Ват, напряжение сетки 2500 В, 33-65 Л;ДИОЛД;WORTEX;;
;00-00002898;Аккум. опрыскиватель WORTEX KS 1640 Li  18В, 16 л БЕЗ АКБ И ЗУ;ДИОЛД;WORTEX;;
;00-00002899;Аккум. опрыскиватель WORTEX KS 1020 Li 18В,  (5 л., 3.5 бар, 18 В, БЕЗ АКБ И ЗУ,;ДИОЛД;WORTEX;;
;00-00002902;Телескопическая штанга для секатора WORTEX CBS 2030 в кор. (Алюминий, пластик);ДИОЛД;WORTEX;;
;00-00002903;Виброшлифмашина WORTEX SS 1920 E  260 Вт, 90х187 мм, 6000-13000 кол/мин (крепление на липучке/;ДИОЛД;WORTEX;;
;00-00002908;Аккум. воздуходувка WORTEX BB 2018 D , макс.объём.570 м куб/ч (18 В, БЕЗ АКБ и ЗУ);ДИОЛД;WORTEX;;
;00-00002914;Аккумулятор WORTEX CBL 1840-1;ДИОЛД;WORTEX;;-2
;00-00002928;Аккумулятор WORTEX CBL 1840-1 18.0 В, 4.0 А*ч, Li-Ion ALL1 (18.0 В, 4.0 А*ч, индикатор заряда, обрез;ДИОЛД;WORTEX;;-3
;00-00002945;Триммер Wortex TE 4015 S в кор. 1400 Вт,шир.скаш.38 см леска;ДИОЛД;WORTEX;;-1
;00-00002955;Триммер Wortex TE 3610-1 S в кор. 1300 Вт, шир.скаш.37 см;ДИОЛД;WORTEX;;-1
;00-00002969;Аккумулятор 4Ah Wortex;ДИОЛД;WORTEX;;-2
;00-00002976;Триммер Wortex TE 4217-1 S в кор. 1500 Вт, шир.скаш.42 см леска, 25.5 см нож (плавный пуск);ДИОЛД;WORTEX;;-1
;00-00002986;Станок точильный WORTEX BG 1525-1 в кор. 250 Вт, 150х16х12,7 мм;ДИОЛД;WORTEX;;
;00-00003000;Газонокосилка аккумуляторная WORTEX CLM 3336 в кор. ALL1 SOLO БЕСЩЁТ.ДВИГ., 18В+18В, шир.330 мм (БЕЗ;ДИОЛД;WORTEX;;-1
;00-00003004;Триммер аккум. WORTEX TB 2818 ALL1 XLT 18В, шир.скаш.300 мм, авт.головка, леска 1.6 мм (2 Ач акб и з;ДИОЛД;WORTEX;;
;00-00003005;Триммер аккум. WORTEX TB 3018 ALL1 XLT SET 18В, 1 акк., 2 Ач, шир.скаш.300 мм, полуавт.головка, л (т;ДИОЛД;WORTEX;;
;00-00003006;Триммер аккум. WORTEX TB 3018 ALL1 SOLO 18В, шир.скаш.300 мм, полуавт.головка, леска 1.6 мм (БЕЗ АКБ;ДИОЛД;WORTEX;;
;00-00003013;Триммер Wortex TE 4217-1 в кор. 1300 Вт, шир.скаш.42 см леска, 25.5 см нож;ДИОЛД;WORTEX;;
;00-00003037;Аккум. ножницы садовые WORTEX SG 7215-1 в кор. + насадка-кусторез (7.2 В, 1 акк., 2.0 А/ч, Li-Ion, ш;ДИОЛД;WORTEX;;-1
;00-00003047;Дрель ударная WORTEX DS 1609-1 в кор. 900 Вт, 1 скор., 30 мм в дер.;ДИОЛД;WORTEX;;
;00-00003056;Щеточная шлифмашина WORTEX WS 1012 S в кор. 1300 Вт, 100х120 мм, 900-3200 об/мин (Регул. об., 2.5 кг;ДИОЛД;WORTEX;;
;00-00003066;"Пила цепная электрическая WORTEX EC 4020-1 шина 40 см (16""), 3/8"" LP, 1.3 мм (2000 Вт, 13 м/с, 40.5";ДИОЛД;WORTEX;;
;00-00003067;Полировальная машина WORTEX PM 1813 SE в кор. 1300 Вт, 180 мм, 600-3300 об/мин (Регул. об., плавный;ДИОЛД;WORTEX;;
;00-00003071;Аккум. культиватор WORTEX CRC 3018 XLT SOLO (18 В, шир. 10,5 см.) БЕЗ АКБ И З.У.;ДИОЛД;WORTEX;;
;00-00003072;Аккум. культиватор WORTEX CRC 3018 XLT SET (18 В, шир. 10,5 см.аккум. 4А/ч З.У.);ДИОЛД;WORTEX;;
;00-00003077;Садовый измельчитель WORTEX SE 4524 (2400 Вт, ножи, 50 кг/ч, ветки до 45 мм);ДИОЛД;WORTEX;;-1
;00-00002506;BULL WS 1202  950 Вт, регул. об., плавный пуск;---;BULL;;
;00-00002507;BULL WS 1203  1200 Вт, регул. об., плавный пуск;---;BULL;;-1
;00-00002508;BULL WS 1205  750 Вт морозоуст.кабель 4 метра.;---;BULL;;
;00-00002509;BULL WS 1207  1400 Вт плав. пуск., рег. об, конст. эл.;---;BULL;;
;00-00002510;BULL BH 2602   800 Вт,  3.0 Дж,    4 реж., патрон SDS-plus, БЗП в комплекте, вес 3.4 кг);---;BULL;;
;00-00002511;BULL BH 2802   850 Вт, 3.2 Дж,    4 реж., патрон SDS-plus, БЗП в комплекте, вес 3.8 кг;---;BULL;;-1
;00-00002714;Эксцентриковая шлифмашина BULL OS 1235 в кор. 350 Вт, 125 мм, 8000-12000 об/мин, рег. об.;---;BULL;;-4
;00-00002719;Отрезная пила по металлу BULL CO 3502 в кор. 2600 Вт, 355х25.4 мм, глубина до 110 мм;---;BULL;;
;00-00002721;Лобзик BULL ST 1301  800Вт  Частота хода 800-2600 кабель 4 м, подсветка);---;BULL;;
;00-00002722;Лобзик BULL ST 6501 600 Вт, 500-3000 ход/мин, до 110 мм (Кабель 4 м, подсветка, литая;---;BULL;;
;00-00002747;Торцовочная пила BULL CM 2502 в кор. 1800 Вт, 255 мм, глуб. до 89 мм, шир. до 310 мм, лазер, протяжк;---;BULL;;
;00-00002774;Аккум. дрель-шуруповерт BULL SR 1802 Xcase, XLTpro, БЕСЩЕТ., 18 В, 80 Н*м, 2*4 А*ч, БЗП 13 мм (шуруп;---;BULL;;
;00-00002862;"Аккум. ударный гайковерт BULL SC 1810 Xcase, XLTpro, БЕСЩЕТ., 18 В, 1500 Н*м, 3/4"", 2х6 А*ч, з/у 6 А";---;BULL;;-1
;00-00002553;Пилка сабельная по дереву с гвоздями S1122VF (2 шт.) GEPARD универсальная, полотно для сабельной пи;---;Gepard;;-4
;00-00002554;Пилка сабельная по металлу S711EF (2 шт.) GEPARD (полотно для сабельной пилы, пропил криволинейный,;---;Gepard;;
;00-00002555;Пилка сабельная по металлу S922BF (2 шт.) GEPARD (полотно для сабельной пилы, пропил прямой, тонкий,;---;Gepard;;
;00-00003002;Набор шарошек абразивных 5шт. GEPARD;---;Gepard;;-1
;00-00003024;Диск пильный 200х32/30 мм 24 зуб. по дереву GEPARD (твердоспл. зуб);---;Gepard;;-1
;00-00003058;Диск пильный 190х30/20/16 мм 52 зуб. по дереву GEPARD (твердоспл. зуб);---;Gepard;;-2
;00-00001290;Колесо д/тачки садовой 325/300-8, внут. d=16мм;---;КОЛЕСА;;-12
;00-00001614;Колесо д/тачки садовой 350-8, внут. d=16мм;---;КОЛЕСА;;-5
;00-00002612;Колесо д/тачки садовой 400-6, внут. d=16мм;---;КОЛЕСА;;-2
;00-00002613;Колесо д/тачки садовой 650-8;---;КОЛЕСА;;
;00-00002614;Колесо д/тачки садовой полиуретан 325/300-8, внут. d=16мм;---;КОЛЕСА;;-4
;00-00002615;Колесо д/тачки садовой полиуретан 350-8, внут. d=16мм;---;КОЛЕСА;;-6
;00-00002616;Колесо д/тачки садовой полиуретан 400-6, внут. d=16мм;---;КОЛЕСА;;-18
;00-00002617;"Колесо д/тачки садовой полиуретан 400-8 внут. d=16 мм ""Елочка";---;КОЛЕСА;;-1
;00-00002618;Колесо д/тачки садовой полиуретан 400-8, внут. d=16 мм;---;КОЛЕСА;;-7
;00-00002619;Колесо д/тачки садовой полиуретан 650-8;---;КОЛЕСА;;
;00-00002651;"Насос вибрационный ""Ручеек-1"", 10м (верхний забор) (медная обмотка 0,75мм, провод ПВС 2х0,75 мм";---;Насосы;;-6
;00-00002654;"Насос вибрационный ""Ручеек-1М"", 10м (нижний забор) (медная обмотка 0,65мм)";---;Насосы;;-3
;00-00000927;"Шланг поливочный 1"" 25м STARTUL GARDEN (ST6201-1-25) (4 слоя)";---;ШЛАНГИ;;-1
;00-00001402;"Шланг поливочный 5/8"" 25м STARTUL GARDEN SOFT TOUCH (ST6040-5/8-25) (4 слоя)";---;ШЛАНГИ;;-2
;00-00001430;"Шланг поливочный 1/2"" 25м STARTUL GARDEN SOFT TOUCH (ST6040-1/2-25) (4 слоя)";---;ШЛАНГИ;;-1
;00-00002656;"Шланг поливочный 1"" 25м STARTUL GARDEN PROFI (ST6206-1-25) (4 слоя)";---;ШЛАНГИ;;-1
;00-00002657;"Шланг поливочный 1"" 25м STARTUL GARDEN SOFT TOUCH (ST6040-1-25) (4 слоя)";---;ШЛАНГИ;;
;00-00002658;"Шланг поливочный 1"" 25м ВОЛАТ (54010-25)";---;ШЛАНГИ;;-2
;00-00002659;"Шланг поливочный 1/2"" 15м STARTUL GARDEN (ST6201-1/2-15) (4 слоя)";---;ШЛАНГИ;;
;00-00002660;"Шланг поливочный 1/2"" 25м STARTUL GARDEN EXPERT (ST6035-1/2-25) (5 слоев)";---;ШЛАНГИ;;
;00-00002661;"Шланг поливочный 1/2"" 25м STARTUL GARDEN PROFI (ST6206-1/2-25) (4 слоя)";---;ШЛАНГИ;;
;00-00002662;"Шланг поливочный 5/8"" 25м ВОЛАТ (54058-25)";---;ШЛАНГИ;;
;00-00002663;"Шланг поливочный 5/8"" 50м STARTUL GARDEN EXPERT (ST6035-5/8-50) (5 слоев)";---;ШЛАНГИ;;
;00-00002664;"Шланг поливочный 5/8"" 50м STARTUL GARDEN PROFI (ST6206-5/8-50) (4 слоя)";---;ШЛАНГИ;;
;00-00002665;"Шланг поливочный 5/8"" 50м STARTUL GARDEN SOFT TOUCH (ST6040-5/8-50) (4 слоя)";---;ШЛАНГИ;;
;00-00002666;"Шланг поливочный 5/8"" 50м ВОЛАТ (54058-50)";---;ШЛАНГИ;;
;00-00002667;"Шланг поливочный 3/4"" 15м STARTUL GARDEN (ST6201-3/4-15) (4 слоя)";---;ШЛАНГИ;;-2
;00-00002668;"Шланг поливочный 3/4"" 20м STARTUL GARDEN (ST6201-3/4-20) (4 слоя)";---;ШЛАНГИ;;-3
;00-00002669;"Шланг поливочный 3/4"" 25м STARTUL GARDEN EXPERT (ST6035-3/4-25) (5 слоев)";---;ШЛАНГИ;;-3
;00-00002670;"Шланг поливочный 3/4"" 25м STARTUL GARDEN PROFI (ST6206-3/4-25) (4 слоя)";---;ШЛАНГИ;;
;00-00002671;"Шланг поливочный 3/4"" 25м STARTUL GARDEN SOFT TOUCH (ST6040-3/4-25) (4 слоя)";---;ШЛАНГИ;;
;00-00002672;"Шланг поливочный 3/4"" 25м ВОЛАТ (54034-25)";---;ШЛАНГИ;;
;00-00002673;"Шланг поливочный 3/4"" 25м ВОЛАТ ЛЮКС (3 слоя) (53220-25)";---;ШЛАНГИ;;
;00-00002674;"Шланг поливочный 3/4"" 30м STARTUL GARDEN (ST6201-3/4-30) (4 слоя)";---;ШЛАНГИ;;
;00-00002675;"Шланг поливочный 3/4"" 50м STARTUL GARDEN (ST6201-3/4-50) (4 слоя)";---;ШЛАНГИ;;
;00-00002676;"Шланг поливочный 3/4"" 50м STARTUL GARDEN EXPERT (ST6035-3/4-50) (5 слоев)";---;ШЛАНГИ;;-1
;00-00002677;"Шланг поливочный 3/4"" 50м STARTUL GARDEN PROFI (ST6206-3/4-50) (4 слоя)";---;ШЛАНГИ;;-1
;00-00002678;"Шланг поливочный 3/4"" 50м STARTUL GARDEN SOFT TOUCH (ST6040-3/4-50)";---;ШЛАНГИ;;-1
;00-00002679;"Шланг поливочный 1/2"" 50м ВОЛАТ ЛЮКС (3 слоя) (53011-50)";---;ШЛАНГИ;;
;00-00002680;"Шланг поливочный 1/2"" 50м ВОЛАТ (54012-50)";---;ШЛАНГИ;;
;00-00002681;"Шланг поливочный 1/2"" 50м STARTUL GARDEN SOFT TOUCH (ST6040-1/2-50)";---;ШЛАНГИ;;
;00-00002682;"Шланг поливочный 1/2"" 50м STARTUL GARDEN PROFI (ST6206-1/2-50) (4 слоя)";---;ШЛАНГИ;;
;00-00002683;"Шланг поливочный 1/2"" 50м STARTUL GARDEN EXPERT (ST6035-1/2-50) (5 слоев)";---;ШЛАНГИ;;
;00-00002684;"Шланг поливочный 1/2"" 30м STARTUL GARDEN (ST6201-1/2-30) (4 слоя)";---;ШЛАНГИ;;
;00-00002685;"Шланг поливочный 1/2"" 25м ВОЛАТ (54012-25)";---;ШЛАНГИ;;
;00-00002686;"Шланг поливочный 5/8"" 20м STARTUL GARDEN (ST6201-5/8-20) (4 слоя)";---;ШЛАНГИ;;
;00-00002687;"Шланг поливочный 5/8"" 15м STARTUL GARDEN (ST6201-5/8-15) (4 слоя)";---;ШЛАНГИ;;
;00-00002688;"Шланг поливочный 5/8"" 25м STARTUL GARDEN EXPERT (ST6035-5/8-25) (5 слоев)";---;ШЛАНГИ;;
;00-00002689;"Шланг поливочный 5/8"" 25м STARTUL GARDEN PROFI (ST6206-5/8-25) (4 слоя)";---;ШЛАНГИ;;
;00-00002731;"Полуавтомат сварочный Solaris MIG-200EM (220В; MIG/FLUX/MMA; встр. горелка 2 м; смена полярности; ка";---;SOLARIS;;
;00-00002732;"Полуавтомат сварочный Solaris MULTIMIG-224 (230В; MIG/FLUX/MMA; евроразъем; горелка 3 м; смена поляр";---;SOLARIS;;
;00-00002733;"Полуавтомат сварочный Solaris MULTIMIG-245 (230В; MIG/FLUX/MMA/TIG; евроразъем; горелка 3 м; смена п";---;SOLARIS;;
;00-00002734;"Полуавтомат сварочный Solaris TOPMIG-226 с горелкой 5 м (220В; MIG/FLUX; евроразъем; горелка 5 м; см";---;SOLARIS;;
;00-00002749;"Зарядное устройство Solaris CH-102 (6 В / 12 В; 10 А; до 150 А*ч; плавная регулировка тока; дисплей)";---;SOLARIS;;
;00-00002770;"Щиток сварщика с самозатемняющимся светофильтром Solaris ASF500S (1/2/1/2; 94х43 мм (40,4 см2); DIN";---;SOLARIS;;
;00-00002771;"Щиток сварщика с самозатемняющимся светофильтром Solaris ASF440S (черный) (1/2/1/2; 90x35 мм (31,5 с";---;SOLARIS;;
;00-00002772;"Щиток сварщика с самозатемняющимся светофильтром Solaris ASF520S (Car Master красный) (1/1/1/2; 95x4";---;SOLARIS;;
;00-00002776;"Пуско-зарядное устройство Solaris ST-402 (12 В / 24 В; номин.пуск.ток 220 А; макс.пуск.ток 400 А)";---;SOLARIS;;
;00-00002777;"Пуско-зарядное устройство Solaris ST-652 (12 В / 24 В; номин.пуск.ток 350 А; макс.пуск.ток 650 А.";---;SOLARIS;;
;00-00002800;"Инвертор сварочный SOLARIS MMA-200D (230В; 20-140 А; 70В; электроды диам. 1.6-4.0 мм; вес 3.1 кг)";---;SOLARIS;;
;00-00002801;"Полуавтомат сварочный Solaris MIG-201 (230В; MIG/SPOT/FLUX/MMA/TIG; встроенная горелка 2 м.";---;SOLARIS;;
;00-00002990;"Зарядное устройство Solaris CH-102 (6 В / 12 В; 10 А; до 150 А*ч; плавная регулировка тока; дисплей)";---;SOLARIS;;-1
;00-00002738;Проволока сварочная омедненная СВ-08Г2С-О ф0,8мм (катушка D200 5 кг) Судиславский завод (СЗСМ);---;ПРОВОЛОКА;;
;00-00002739;Проволока сварочная омедненная ER 70S-6 ф0,8мм (катушка D200 5 кг) SOLARIS (аналог СВ08Г2С);---;ПРОВОЛОКА;;
;00-00002740;Проволока сварочная омедненная ER 70S-6 ф1,0мм (катушка D200 5 кг) Оливер (аналог СВ 08Г2С) (4814380;---;ПРОВОЛОКА;;
;00-00002742;Проволока сварочная омедненная ER 70S-6 ф0,8мм (катушка D200 5 кг) Оливер (аналог СВ 08Г2С) (4814380;---;ПРОВОЛОКА;;-1
;00-00002743;Проволока сварочная FLUX E71T-GS ф0,8мм (сварка без газа) (катушка 5кг) SOLARIS (Порошковая) (WM-E71;---;ПРОВОЛОКА;;
;00-00002744;Проволока сварочная омедненная ER 70S-6 ф0,6мм (катушка D200 5 кг) SOLARIS (аналог СВ08Г2С) (WM-ER70;---;ПРОВОЛОКА;;
;00-00002888;Проволока сварочная FLUX E71T-GS ф0,8мм (сварка без газа) (катушка 1кг) SOLARIS (Порошковая);---;ПРОВОЛОКА;;
;00-00002755;Топор универсальный X13 1250г STARTUL METSA (ST2030-13);---;STARTUL;;-1
;00-00002756;Топор-колун X16 1570г STARTUL METSA (ST2035-16);---;STARTUL;;
;00-00002757;Топор-колун X24 2350г STARTUL METSA (ST2035-24);---;STARTUL;;
;00-00002758;Точилка для топоров и ножей STARTUL METSA (ST2040-01);---;STARTUL;;-3
;00-00002807;Топор-колун X13 1300г STARTUL METSA (ST2035-13);---;STARTUL;;-1
;00-00002838;"Топор 1,25кг с фиберглассовой рукояткой STARTUL ""MASTER"" (ST2022-12)";---;STARTUL;;
;00-00002922;"Муфта соед. для шлангов 3/4"" STARTUL GARDEN (ST6016-5-3/4) (soft touch, двухкомпонентная)";---;STARTUL;;-7
;00-00002943;Газонокосилка бензиновая STARTUL GARDEN 51 SM самоходная (5,5 л.с., шир. 51 см, самоходная, мульчир.;---;STARTUL;;-1
;00-00002944;Лопата штыковая цельнометаллическая 1220мм STARTUL METSA (ST6080-02) (толщина полотна 2.25мм);---;STARTUL;;
;00-00003014;Секатор плоскостной 20см STARTUL METSA (ST6420-02) (Алюминиевый);---;STARTUL;;-2
;00-00003052;Топор-колун X13S 1300г STARTUL METSA (ST2036-13);---;STARTUL;;
;00-00003070;Сверло по металлу ц/х 6.0х57х93 мм HSS-Co EXPERT STARTUL (кобальт 5%);---;STARTUL;;-2
;00-00002824;"Ящик для инструмента пластмасс. 56,5x32,5x29 см (22"") с лотком и органайз.";---;ВОЛАТ;;
;00-00002825;"Ящик для инструмента пластмасс. 49x27,5x24 см (19"") с лотком и органайз.";---;ВОЛАТ;;
;00-00002826;"Ящик для инструмента пластмасс. 41х22х19,5 см (16"") с лотком и органайз.";---;ВОЛАТ;;
;00-00002827;"Ящик для инструмента пластмасс. 32х17,5х16 см (12"") с лотком и органайз.";---;ВОЛАТ;;
;00-00002828;Щетка проволочная стальная 6 рядов ВОЛАТ;---;ВОЛАТ;;-1
;00-00002981;"Щетка д/дрели ""чашка"" гофр. 50мм ВОЛАТ (для дрели торцевая крацовка)";---;ВОЛАТ;;-1
;00-00002848;"Бензопила ECO CSP-235 шина 45 см (18""), 0.325"", 1.5 мм, 72 зв. (2.30 кВт, 3.1 л.с., 45 см3, вес 6.4";---;ECO;;-1
;00-00002849;"Бензопила ECO CSP-166 шина 40 см (16""), 3/8"" LP, 1.3 мм, 57 зв. (1.60 кВт, 2.2 л.с., 38 см3, вес 6 к";---;ECO;;-1
;00-00002905;"Бензопила ECO CSP-265 шина 50 см (20""), 0.325"", 1.5 мм, 76 зв (2.60 кВт, 3.5 л.с., 52 см3, вес 6.8 к";---;ECO;;
;00-00002916;Газонокосилка бензиновая ECO LG-434 самоходная (3.5 л.с., шир. 42 см, самоходная, мульчир., стальн.;---;ECO;;
;00-00002917;Газонокосилка бензиновая ECO LG-633 самоходная (5.0 л.с., шир. 46 см, самоходная, мульчир., стальн.;---;ECO;;-2
;00-00002918;Газонокосилка бензиновая ECO LG-645 E самоходная (4 л.с., шир. 46 см, самоходная, электростарт, муль;---;ECO;;-2
;00-00002919;Газонокосилка бензиновая ECO LG-734 самоходная (5.5 л.с., шир. 51 см, самоходная, мульчир., стальн.;---;ECO;;-5
;00-00002920;Газонокосилка бензиновая ECO LG-745 E самоходная (6.0 л.с., шир. 51 см, самоходная, электростарт, му;---;ECO;;-2
;00-00002921;"Газонокосилка бензиновая ECO LG-820 (травокосилка) (5.0 л.с., шир. 56 см,, ручной привод, колеса 14""";---;ECO;;-1
;00-00002987;Электростанция (генератор бензиновый) ECO PE-9001ES (электростарт, 6,5 кВт, 220 В, автозапуск*, бак;---;ECO;;-1
;00-00002988;Электростанция (генератор бензиновый) ECO PE-1302RS (1.1 кВт, 230 В, бак 6.0 л, вес 23 кг);---;ECO;;
;00-00002989;"Мотобур ECO GD-53 (1.85 кВт; 10 кг; шнек до 200 мм)";---;ECO;;
;00-00003075;Газонокосилка бензиновая ECO LG-735 самоходная (6.0 л.с., шир. 51 см, самоходная, авт.заслонка, муль;---;ECO;;
;00-00002852;Лопата снеговая пластм. 500х375мм со стальн.черенком STARTUL MASTER (ST9056-5);---;Лопаты;;-1
;00-00002853;Лопата снеговая пластм. 465х340мм со стальн.черенком STARTUL MASTER (ST9056-8);---;Лопаты;;-2
;00-00002854;Лопата снеговая пластм. 500х390мм с дер.черенком STARTUL STANDART (ST9074-3);---;Лопаты;;-1
;00-00002855;Лопата снеговая пластм. 410х460мм с дер.черенком STARTUL MASTER (ST9056-3);---;Лопаты;;-2
;00-00002856;Лопата снеговая пластм. 465х340мм с дер.черенком STARTUL MASTER (ST9056-9);---;Лопаты;;-2
;00-00002859;Лопата снеговая пластм. 410х460мм со стальн.черенком STARTUL MASTER (ST9056-2);---;Лопаты;;
;00-00002869;Лопата снеговая автомоб. 290х365мм STARTUL AUTO (ST9066-1);---;Лопаты;;
;00-00002870;Лопата снеговая автомоб. с телескоп. рукояткой 240х340мм STARTUL MASTER (ST9058);---;Лопаты;;
;00-00002871;Движок для снега пластмассовый 700х465 STARTUL (ST9070-4) (cкрепер);---;Лопаты;;
;00-00002872;Лопата снеговая пластм. 380х365мм с дер.черенком STARTUL STANDART (ST9062-3) (черенок 1й сорт);---;Лопаты;;
;00-00002873;Лопата снеговая пластм. 500х375мм с дер.черенком STARTUL MASTER (ST9056-6) (черенок 1й сорт);---;Лопаты;;
;00-00002874;Движок для снега стальной 750х430 STARTUL (ST9070-3) (cкрепер);---;Лопаты;;
;00-00002540;Противогололедный реагент Fertika IceCare Power -31 C, ведро 5 кг;---;Fertika;;
;00-00002541;Противогололедный реагент Fertika IceCare Classic -25 C, ведро 5 кг;---;Fertika;;
;00-00002546;Противогололедный реагент Fertika ICECARE KRISTA -18 С   10 кг;---;Fertika;;
;00-00002881;Электростанция (генератор инверторный бензиновый) ECO PE-3000RSI (инверторный, 3.0 кВт, 230 В, бак 7;---;Генераторы;;
;00-00002912;Пила цепная аккумуляторная Zitrek GreenSaw 20 Extra power (20В, 4,0Ач Li-ion аккум. 1шт, ЗУ);---;ZITREK;;-2
;00-00002913;Пила цепная аккумуляторная Zitrek GreenSaw 20 (20В, 2,0Ач Li-ion аккум. 1шт, ЗУ);---;ZITREK;;-1
;00-00001356;Триммер бензиновый Denzel DT-25  0.75 кВт;ДИОЛД;DENZEL;;-1
;00-00001358;Триммер бензиновый DT 33, 33 см3, неразъемная штанга;ДИОЛД;DENZEL;;-4
;00-00002929;Тачка строительная ECO WB201-2 (90л, 200кг, 2 пневмоколеса 3.25-8);---;Тачки;;-3
;00-00002886;Насос погружной фекальный Marvel 1200 FE 333/12 A&P (550 Вт, 19980 л/ч, 12,1 м);---;MARVEL;;
;00-00002887;Насос погружной фекальный Marvel 800 FE 250/10 A&P (370 Вт, 12000 л/ч, 10,2 м);---;MARVEL;;-3
;00-00002950;Насос погружной фекальный Marvel CD 1.1 A&P (1100 Вт, 15000 л/ч, 8,2 м, с измельчителем);---;MARVEL;;-1
;00-00002971;Насос погружной фекальный Marvel 7000 A&P (750 Вт, 24000 л/ч, 15,6 м);---;MARVEL;;
;00-00002972;Насос погружной фекальный Marvel 600 FC 150/8 A&P (250 Вт, 9000 л/ч, 8,0 м);---;MARVEL;;-1
;00-00002975;Насос погружной фекальный Marvel 7000 A&P (750 Вт, 24000 л/ч, 15,6 м);---;MARVEL;;
;00-00002746;Двигатель ASILAK 7.0 л.с. бензиновый (цилиндрический вал диам. 19 мм.;Запасные части;ASILAK;;-1
;00-00003039;Культиватор бензиновый ASILAK SL-85B колёса 4.00-10 (7,5 л.с., шир. 95 см, без ВОМ, передач 2+1, кол;Запасные части;ASILAK;;-1
;00-00003040;Культиватор бензиновый ASILAK SL-85B колёса 4.00-8 (7,5 л.с., шир. 95 см, без ВОМ, передач 2+1, коле;Запасные части;ASILAK;;
;00-00003041;Сцепка;Запасные части;ASILAK;;
;00-00003042;Плуг;Запасные части;ASILAK;;
;00-00003044;Культиватор бензиновый ASILAK SL-85BL колёса 4.00-10 (7,5 л.с., шир. 95 см, без ВОМ,;Запасные части;ASILAK;;
;00-00003045;Культиватор бензиновый ASILAK SL-85BL  колёса 4.00-8 (7,5 л.с., шир. 95 см, без ВОМ,;Запасные части;ASILAK;;
;00-00003076;Двигатель 7.0 л.с. бензиновый (цилиндрический вал диам. 19 мм.);Запасные части;ASILAK;;
;00-00000298;Карбюратор FS-38.55;Запасные части;Карбюраторы;;-13
;00-00000302;Карбюратор МS-250;Запасные части;Карбюраторы;;-4
1400008;00-00000364;Карбюратор 52см3;Запасные части;Карбюраторы;;-9
;00-00000441;Карбюратор HITACHI CG31TBS;Запасные части;Карбюраторы;;1
;00-00000472;Карбюратор Husqvarna 365;Запасные части;Карбюраторы;;-1
;00-00000635;Карбюратор 33см;Запасные части;Карбюраторы;;-10
;00-00000806;Карбюратор 52см3;Запасные части;Карбюраторы;;-4
;00-00001178;Карбюратор 33 см 3;Запасные части;Карбюраторы;;-9
;00-00001397;Карбюратор ECHO 22;Запасные части;Карбюраторы;;-7
;00-00001410;Карбюратор GX-160;Запасные части;Карбюраторы;;-10
;00-00001778;Карбюратор 43 см3;Запасные части;Карбюраторы;;-7
;00-00001784;Карбюратор для двигателя ЧЕМПИОН 6,5 л.с.;Запасные части;Карбюраторы;;-1
;00-00001956;Карбюратор FS-38,45,55 new;Запасные части;Карбюраторы;;-3
;00-00002085;Карбюратор FS-38.55 аналог;Запасные части;Карбюраторы;;-3
;00-00002087;Карбюратор Husqvarna 122;Запасные части;Карбюраторы;;-1
;00-00002291;Карбюратор MS 180;Запасные части;Карбюраторы;;-2
;00-00002345;Карбюратор Husqvarna 128R;Запасные части;Карбюраторы;;-3
;00-00002401;Карбюратор Oleo-Mac 25;Запасные части;Карбюраторы;;-5
;00-00002420;Карбюратор 5200;Запасные части;Карбюраторы;;-3
;00-00002623;Карбюратор FS 120-250;Запасные части;Карбюраторы;;-1
;00-00002706;Карбюратор TS-800;Запасные части;Карбюраторы;;-1
;00-00002815;Карбюратор GX-390;Запасные части;Карбюраторы;;-1
;00-00002818;Карбюратор для генератора;Запасные части;Карбюраторы;;-1
;00-00002941;Карбюратор GX-160/200;Запасные части;Карбюраторы;;-1
;00-00003016;Карбюратор;Запасные части;Карбюраторы;;-2
;00-00000561;"Цепь 15"" 325 1,6 62 VILLARTEC";---;VILLARTEC;;-10
;00-00002585;Триммер VILLARTEC CB220B  	0,65кВт. 4,2кг.;---;VILLARTEC;;
;00-00002792;Мотокоса Villartek CB-143  1,47 кВт, 41.5 см3  7,8кг Резьба M12x1.75 левая.;---;VILLARTEC;;-3
;00-00003003;Бензотриммер VILLARTEC CB242B;---;VILLARTEC;;-2
;00-00003010;Цепь Villartec 114 зв;---;VILLARTEC;;-1
